date,site,lat,lon,da_raw,modis_sst,beuti,pdo,oni,sst_anom,discharge,modis_flr,pn_log,month,last_observed_da_raw,predicted_da,predicted_category,spike_probability,spike_alert,q05,q50,q95
2022-01-03,Cannon Beach,45.881944,-123.959444,,9.63,13.37,-0.25,-0.8,0.16,3209.1,0.00557,0.672,1,0.0,0.0,0,0.023,False,0.0,0.0,11.19
2022-01-10,Cannon Beach,45.881944,-123.959444,,9.75,-4.66,0.61,-0.76,0.75,3588.7,0.00668,3.236,1,0.0,0.0,0,0.023,False,0.0,0.0,1.12
2022-01-17,Cannon Beach,45.881944,-123.959444,,9.78,-11.86,1.0,-0.58,1.17,2500.0,0.00526,1.06,1,0.0,1.88,0,0.036,False,0.67,1.88,4.31
2022-01-24,Cannon Beach,45.881944,-123.959444,1.29,10.7,7.91,0.36,-0.63,0.9,4302.4,0.00841,4.076,1,1.29,1.53,0,0.033,False,0.93,1.53,5.36
2022-01-31,Cannon Beach,45.881944,-123.959444,,10.69,-1.56,0.17,-0.88,0.89,3363.3,0.00582,2.726,1,1.29,0.07,0,0.023,False,0.0,0.07,2.43
2022-02-07,Cannon Beach,45.881944,-123.959444,,11.05,3.56,0.75,-0.87,0.6,5202.2,0.01511,0.876,2,1.29,4.93,0,0.075,False,3.14,4.93,12.08
2022-02-14,Cannon Beach,45.881944,-123.959444,,10.59,4.21,1.05,-0.9,0.08,5088.3,0.00656,1.168,2,1.29,3.82,0,0.058,False,2.5,3.82,9.33
2022-02-21,Cannon Beach,45.881944,-123.959444,,11.03,-3.71,0.5,-0.86,0.08,3641.9,0.00614,3.083,2,1.29,6.82,1,0.115,True,1.41,6.82,9.25
2022-02-28,Cannon Beach,45.881944,-123.959444,0.69,11.91,0.58,0.58,-0.68,0.23,2500.0,0.00811,0.823,2,0.69,5.25,1,0.08,False,3.02,5.25,26.3
2022-03-07,Cannon Beach,45.881944,-123.959444,,12.03,11.58,0.92,-0.61,0.69,4598.4,0.00697,2.868,3,0.69,2.75,0,0.045,False,0.32,2.75,7.8
2022-03-14,Cannon Beach,45.881944,-123.959444,,12.28,26.17,0.48,-0.57,0.33,5257.6,0.01072,3.239,3,0.69,3.64,0,0.055,False,1.89,3.64,10.77
2022-03-21,Cannon Beach,45.881944,-123.959444,,12.71,14.91,0.43,-0.67,0.36,7718.4,0.01365,3.746,3,0.69,8.94,1,0.18,True,5.16,8.94,15.13
2022-03-28,Cannon Beach,45.881944,-123.959444,,13.16,26.69,0.36,-0.83,0.09,7351.8,0.01621,4.043,3,0.69,18.01,1,0.68,True,10.74,18.01,30.65
2022-04-04,Cannon Beach,45.881944,-123.959444,,12.62,-0.05,0.74,-1.02,0.7,7247.3,0.0154,4.328,4,0.69,0.63,0,0.027,False,0.0,0.63,1.18
2022-04-11,Cannon Beach,45.881944,-123.959444,2.63,12.77,32.59,1.09,-0.75,0.64,7358.9,0.01787,4.425,4,2.63,4.29,0,0.064,False,2.13,4.29,6.94
2022-04-18,Cannon Beach,45.881944,-123.959444,1.93,13.63,13.28,0.56,-0.71,0.07,6664.3,0.01678,4.311,4,1.93,4.01,0,0.06,False,0.83,4.01,11.56
2022-04-25,Cannon Beach,45.881944,-123.959444,,13.56,11.67,0.68,-0.57,0.28,7714.0,0.01846,4.617,4,1.93,8.31,1,0.158,True,4.44,8.31,11.78
2022-05-02,Cannon Beach,45.881944,-123.959444,2.93,13.98,9.84,0.52,-0.96,0.25,12911.7,0.02407,5.174,5,2.93,6.44,1,0.105,True,0.02,6.44,8.8
2022-05-09,Cannon Beach,45.881944,-123.959444,22.76,13.74,-4.17,0.83,-0.75,-0.24,9618.0,0.02404,4.726,5,22.76,16.88,1,0.615,True,10.51,16.88,27.84
2022-05-16,Cannon Beach,45.881944,-123.959444,1.18,13.75,-1.21,0.56,-0.9,0.59,10452.0,0.02656,4.87,5,1.18,5.02,1,0.076,False,2.36,5.02,12.05
2022-05-23,Cannon Beach,45.881944,-123.959444,1.6,13.35,-0.06,0.91,-0.73,0.49,10044.3,0.02025,4.641,5,1.6,2.93,0,0.047,False,0.7,2.93,4.38
2022-05-30,Cannon Beach,45.881944,-123.959444,14.1,13.55,15.84,1.25,-0.63,0.24,10455.2,0.02102,4.825,5,14.1,17.27,1,0.638,True,7.0,17.27,29.53
2022-06-06,Cannon Beach,45.881944,-123.959444,,13.53,-11.34,0.98,-0.51,-0.0,12786.1,0.0223,4.655,6,14.1,11.11,1,0.274,True,7.16,11.11,18.46
2022-06-13,Cannon Beach,45.881944,-123.959444,2.24,13.36,16.02,0.96,-0.64,0.54,11635.9,0.01999,5.679,6,2.24,5.57,1,0.086,False,2.49,5.57,9.58
2022-06-20,Cannon Beach,45.881944,-123.959444,1.99,13.6,15.49,0.74,-0.69,0.71,10564.8,0.02046,4.633,6,1.99,8.98,1,0.182,True,3.05,8.98,17.35
2022-06-27,Cannon Beach,45.881944,-123.959444,,12.83,-3.48,1.15,-0.36,0.07,14977.9,0.02365,4.613,6,1.99,5.43,1,0.084,False,3.26,5.43,8.82
2022-07-04,Cannon Beach,45.881944,-123.959444,10.5,13.24,-5.72,0.69,-0.62,-0.28,13858.1,0.01901,4.479,7,10.5,8.66,1,0.17,True,2.6,8.66,12.23
2022-07-11,Cannon Beach,45.881944,-123.959444,,12.3,4.68,0.94,-0.62,0.64,11788.9,0.01883,5.074,7,10.5,5.46,1,0.084,False,3.66,5.46,8.23
2022-07-18,Cannon Beach,45.881944,-123.959444,1.46,12.03,-12.38,0.57,-0.41,0.61,13320.1,0.01536,4.372,7,1.46,4.27,0,0.064,False,0.93,4.27,7.74
2022-07-25,Cannon Beach,45.881944,-123.959444,1.39,12.18,0.62,0.62,-1.01,0.53,12460.3,0.01634,4.625,7,1.39,6.76,1,0.113,True,0.48,6.76,11.26
2022-08-01,Cannon Beach,45.881944,-123.959444,1.23,12.22,6.94,0.91,-0.51,0.14,12458.5,0.01384,4.342,8,1.23,1.22,0,0.031,False,0.0,1.22,6.51
2022-08-08,Cannon Beach,45.881944,-123.959444,,11.59,13.49,0.58,-0.7,0.19,14897.3,0.0114,4.638,8,1.23,6.23,1,0.1,True,3.32,6.23,12.97
2022-08-15,Cannon Beach,45.881944,-123.959444,,11.76,-1.67,0.66,-0.8,0.16,11578.1,0.00896,3.328,8,1.23,6.2,1,0.1,True,4.1,6.2,10.84
2022-08-22,Cannon Beach,45.881944,-123.959444,,10.55,-3.95,0.96,-0.32,0.74,12847.4,0.0183,3.082,8,1.23,3.65,0,0.055,False,0.0,3.65,9.36
2022-08-29,Cannon Beach,45.881944,-123.959444,0.67,10.5,-13.33,0.86,-0.35,0.1,7690.3,0.01117,3.062,8,0.67,0.13,0,0.024,False,0.0,0.13,0.81
2022-09-05,Cannon Beach,45.881944,-123.959444,0.47,9.96,-10.62,0.82,-0.26,-0.14,11578.8,0.00571,1.587,9,0.47,0.0,0,0.023,False,0.0,0.0,0.15
2022-09-12,Cannon Beach,45.881944,-123.959444,,10.06,-3.87,0.53,-0.47,0.34,7445.1,0.00749,1.036,9,0.47,2.21,0,0.039,False,0.0,2.21,9.1
2022-09-19,Cannon Beach,45.881944,-123.959444,,9.81,-10.3,0.31,-0.46,0.57,11990.1,0.00777,2.143,9,0.47,1.1,0,0.03,False,0.0,1.1,1.67
2022-09-26,Cannon Beach,45.881944,-123.959444,0.11,10.12,-18.59,0.17,-0.58,-0.72,10278.2,0.0131,2.077,9,0.11,1.83,0,0.036,False,1.07,1.83,3.24
2022-10-03,Cannon Beach,45.881944,-123.959444,,9.51,-15.18,0.66,-0.54,0.22,11115.3,0.00527,2.116,10,0.11,0.0,0,0.023,False,0.0,0.0,3.57
2022-10-10,Cannon Beach,45.881944,-123.959444,,8.99,-8.99,0.64,-0.7,-0.14,8255.0,0.00511,2.943,10,0.11,0.0,0,0.023,False,0.0,0.0,1.58
2022-10-17,Cannon Beach,45.881944,-123.959444,,8.83,-25.0,0.59,-0.57,0.91,10122.1,0.00621,0.755,10,0.11,0.0,0,0.023,False,0.0,0.0,6.27
2022-10-24,Cannon Beach,45.881944,-123.959444,,9.34,-8.48,0.84,-0.69,-0.12,2506.3,0.00925,1.574,10,0.11,1.09,0,0.03,False,0.0,1.09,2.48
2022-10-31,Cannon Beach,45.881944,-123.959444,0.83,9.04,2.63,0.33,-0.65,0.21,7908.6,0.00717,0.15,10,0.83,0.23,0,0.024,False,0.0,0.23,0.34
2022-11-07,Cannon Beach,45.881944,-123.959444,,8.84,-13.32,0.23,-0.43,0.68,6317.2,0.00656,2.439,11,0.83,4.6,0,0.069,False,0.58,4.6,7.15
2022-11-14,Cannon Beach,45.881944,-123.959444,,8.91,-5.53,0.23,-0.54,0.03,7560.9,0.00577,0.345,11,0.83,1.48,0,0.033,False,0.0,1.48,4.52
2022-11-21,Cannon Beach,45.881944,-123.959444,,8.58,-16.45,0.67,-0.55,0.94,2500.0,0.00506,1.932,11,0.83,0.95,0,0.029,False,0.0,0.95,2.65
2022-11-28,Cannon Beach,45.881944,-123.959444,,8.69,-7.18,0.39,-0.41,0.22,4862.8,0.00635,1.441,11,0.83,3.78,0,0.057,False,2.56,3.78,7.27
2022-12-05,Cannon Beach,45.881944,-123.959444,,9.01,-17.04,0.38,-0.42,-0.45,2700.0,0.00609,2.424,12,0.83,1.26,0,0.031,False,0.0,1.26,7.92
2022-12-12,Cannon Beach,45.881944,-123.959444,,9.27,-12.7,0.19,-0.59,-0.16,5687.1,0.00781,2.678,12,0.83,0.0,0,0.023,False,0.0,0.0,7.31
2022-12-19,Cannon Beach,45.881944,-123.959444,,8.97,-18.24,0.18,-0.44,0.45,3627.0,0.00549,2.479,12,0.83,0.5,0,0.026,False,0.0,0.5,1.58
2022-12-26,Cannon Beach,45.881944,-123.959444,,9.2,-7.71,0.38,-0.41,0.18,2500.0,0.01222,2.275,12,0.83,0.0,0,0.023,False,0.0,0.0,1.86
2022-01-03,Clatsop Beach,46.028889,-123.917222,,9.74,-15.66,-0.21,-1.03,-0.19,3915.4,0.00852,1.136,1,0.0,0.0,0,0.023,False,0.0,0.0,2.39
2022-01-10,Clatsop Beach,46.028889,-123.917222,,9.89,-9.63,-0.22,-0.75,-0.85,2898.2,0.00772,1.028,1,0.0,0.0,0,0.023,False,0.0,0.0,8.93
2022-01-17,Clatsop Beach,46.028889,-123.917222,,10.3,6.68,0.93,-0.66,0.29,4339.3,0.00619,2.919,1,0.0,5.66,1,0.088,False,3.61,5.66,27.25
2022-01-24,Clatsop Beach,46.028889,-123.917222,,10.78,3.27,0.41,-0.81,-0.22,3287.5,0.00557,1.507,1,0.0,0.0,0,0.023,False,0.0,0.0,0.81
2022-01-31,Clatsop Beach,46.028889,-123.917222,,10.59,3.86,0.29,-0.79,0.17,2909.8,0.00684,2.353,1,0.0,1.0,0,0.029,False,0.69,1.0,5.2
2022-02-07,Clatsop Beach,46.028889,-123.917222,,10.88,12.67,0.06,-0.97,-0.21,5178.1,0.0057,1.986,2,0.0,4.32,0,0.065,False,0.0,4.32,7.12
2022-02-14,Clatsop Beach,46.028889,-123.917222,,11.35,7.52,0.24,-1.09,0.26,3662.1,0.00538,2.527,2,0.0,4.96,0,0.075,False,3.19,4.96,6.58
2022-02-21,Clatsop Beach,46.028889,-123.917222,,11.64,-2.31,0.52,-0.68,0.07,4578.6,0.00662,2.35,2,0.0,5.9,1,0.093,False,3.83,5.9,7.85
2022-02-28,Clatsop Beach,46.028889,-123.917222,1.29,11.15,16.33,0.65,-0.67,-0.36,6826.6,0.00588,1.683,2,1.29,2.91,0,0.046,False,1.39,2.91,5.67
2022-03-07,Clatsop Beach,46.028889,-123.917222,,11.73,5.38,0.65,-0.78,0.22,4443.8,0.0071,3.346,3,1.29,5.34,1,0.082,False,2.91,5.34,9.08
2022-03-14,Clatsop Beach,46.028889,-123.917222,,12.43,16.27,0.2,-0.47,0.16,8206.6,0.01172,3.755,3,1.29,2.4,0,0.041,False,1.29,2.4,3.21
2022-03-21,Clatsop Beach,46.028889,-123.917222,1.55,12.98,12.69,0.02,-0.88,-0.07,6777.4,0.01564,4.192,3,1.55,2.39,0,0.041,False,0.33,2.39,6.62
2022-03-28,Clatsop Beach,46.028889,-123.917222,1.5,13.31,5.69,1.02,-0.88,0.95,6178.9,0.01265,5.174,3,1.5,5.66,1,0.088,False,2.94,5.66,8.54
2022-04-04,Clatsop Beach,46.028889,-123.917222,13.76,12.68,19.22,0.79,-0.98,-0.15,7059.8,0.01385,4.648,4,13.76,11.89,1,0.315,True,7.65,11.89,18.54
2022-04-11,Clatsop Beach,46.028889,-123.917222,30.5,12.92,17.75,0.56,-0.77,-0.01,7926.7,0.01485,4.886,4,30.5,23.59,2,0.895,True,13.51,23.59,34.17
2022-04-18,Clatsop Beach,46.028889,-123.917222,,13.21,25.6,0.72,-0.76,0.43,8574.8,0.01839,4.871,4,30.5,17.49,1,0.651,True,8.42,17.49,24.62
2022-04-25,Clatsop Beach,46.028889,-123.917222,2.38,13.51,8.13,0.84,-0.61,0.05,8208.5,0.02227,5.476,4,2.38,7.56,1,0.135,True,3.29,7.56,11.65
2022-05-02,Clatsop Beach,46.028889,-123.917222,2.22,13.83,6.08,0.72,-0.77,-0.48,8835.4,0.01964,5.16,5,2.22,8.46,1,0.163,True,3.67,8.46,12.1
2022-05-09,Clatsop Beach,46.028889,-123.917222,,13.55,6.73,0.4,-0.92,0.0,10630.7,0.01902,5.15,5,2.22,4.4,0,0.066,False,1.2,4.4,8.1
2022-05-16,Clatsop Beach,46.028889,-123.917222,20.5,13.61,21.76,0.62,-0.87,0.55,9185.2,0.02473,5.345,5,20.5,19.29,1,0.745,True,11.32,19.29,27.36
2022-05-23,Clatsop Beach,46.028889,-123.917222,,13.33,24.65,1.04,-0.37,0.25,12440.7,0.02174,5.334,5,20.5,6.09,1,0.097,False,3.94,6.09,10.21
2022-05-30,Clatsop Beach,46.028889,-123.917222,,13.91,19.71,1.22,-0.59,0.75,10705.2,0.02087,5.566,5,20.5,9.95,1,0.221,True,6.06,9.95,13.88
2022-06-06,Clatsop Beach,46.028889,-123.917222,,13.9,-1.87,1.29,-0.4,0.81,14828.6,0.02161,5.172,6,20.5,8.52,1,0.165,True,2.97,8.52,14.73
2022-06-13,Clatsop Beach,46.028889,-123.917222,21.02,13.18,19.57,1.11,-0.57,0.33,9287.6,0.02757,5.175,6,21.02,19.72,1,0.765,True,6.21,19.72,31.54
2022-06-20,Clatsop Beach,46.028889,-123.917222,2.06,13.29,6.62,1.23,-0.95,0.27,11393.9,0.02241,5.737,6,2.06,6.74,1,0.113,True,3.5,6.74,9.31
2022-06-27,Clatsop Beach,46.028889,-123.917222,,12.59,20.66,0.75,-0.49,0.48,11770.8,0.01948,5.18,6,2.06,8.86,1,0.177,True,5.85,8.86,13.75
2022-07-04,Clatsop Beach,46.028889,-123.917222,1.95,12.84,9.7,1.0,-0.77,0.88,15573.3,0.01759,5.243,7,1.95,3.89,0,0.059,False,2.43,3.89,5.34
2022-07-11,Clatsop Beach,46.028889,-123.917222,12.08,12.71,12.33,0.73,-0.72,0.65,14081.3,0.01684,4.814,7,12.08,9.77,1,0.213,True,5.84,9.77,15.85
2022-07-18,Clatsop Beach,46.028889,-123.917222,,12.56,33.11,0.83,-0.71,0.9,10572.3,0.01669,4.781,7,12.08,16.9,1,0.617,True,9.29,16.9,24.14
2022-07-25,Clatsop Beach,46.028889,-123.917222,8.82,12.53,-24.08,1.17,-0.53,-0.01,11226.7,0.01536,4.851,7,8.82,5.72,1,0.089,False,3.74,5.72,9.83
2022-08-01,Clatsop Beach,46.028889,-123.917222,24.02,12.34,6.86,1.1,-0.45,0.44,14278.6,0.01622,4.628,8,24.02,16.24,1,0.577,True,5.91,16.24,24.45
2022-08-08,Clatsop Beach,46.028889,-123.917222,0.87,11.84,1.4,0.69,-0.6,1.3,11436.8,0.013,4.145,8,0.87,4.03,0,0.061,False,2.07,4.03,13.05
2022-08-15,Clatsop Beach,46.028889,-123.917222,,11.56,0.6,0.77,-0.64,-0.13,13334.8,0.01006,4.02,8,0.87,3.21,0,0.05,False,0.0,3.21,6.61
2022-08-22,Clatsop Beach,46.028889,-123.917222,,11.35,-16.95,0.35,-0.57,0.34,14400.7,0.00852,3.737,8,0.87,2.87,0,0.046,False,0.0,2.87,6.39
2022-08-29,Clatsop Beach,46.028889,-123.917222,1.28,10.32,2.9,0.45,-0.29,0.07,13661.7,0.00698,1.358,8,1.28,2.38,0,0.041,False,0.0,2.38,4.66
2022-09-05,Clatsop Beach,46.028889,-123.917222,0.51,10.29,-12.56,0.35,-0.53,-0.68,9768.9,0.00654,3.113,9,0.51,7.64,1,0.137,True,3.69,7.64,19.12
2022-09-12,Clatsop Beach,46.028889,-123.917222,0.28,9.91,-8.6,0.83,-0.5,0.3,8486.6,0.00776,1.814,9,0.28,1.85,0,0.036,False,0.0,1.85,6.92
2022-09-19,Clatsop Beach,46.028889,-123.917222,,9.55,-5.88,0.72,-0.62,0.69,10110.6,0.00758,2.848,9,0.28,0.0,0,0.023,False,0.0,0.0,1.01
2022-09-26,Clatsop Beach,46.028889,-123.917222,0.27,9.09,-18.82,0.65,-0.52,1.05,7072.5,0.00525,2.713,9,0.27,0.0,0,0.023,False,0.0,0.0,5.58
2022-10-03,Clatsop Beach,46.028889,-123.917222,,9.68,-9.85,0.44,-0.37,0.4,7338.0,0.00512,2.112,10,0.27,0.0,0,0.023,False,0.0,0.0,1.7
2022-10-10,Clatsop Beach,46.028889,-123.917222,,8.96,-17.28,1.23,-0.62,0.27,7736.4,0.00774,1.763,10,0.27,0.0,0,0.023,False,0.0,0.0,5.29
2022-10-17,Clatsop Beach,46.028889,-123.917222,,9.1,-4.91,0.95,-0.57,0.89,7675.7,0.00799,2.315,10,0.27,0.34,0,0.025,False,0.0,0.34,5.64
2022-10-24,Clatsop Beach,46.028889,-123.917222,0.43,9.05,-25.0,0.2,-0.43,0.14,5843.7,0.00933,1.273,10,0.43,1.93,0,0.037,False,0.0,1.93,3.15
2022-10-31,Clatsop Beach,46.028889,-123.917222,0.12,8.63,-19.39,0.4,-0.49,0.27,2500.0,0.00698,2.959,10,0.12,0.64,0,0.027,False,0.0,0.64,4.46
2022-11-07,Clatsop Beach,46.028889,-123.917222,,9.24,0.29,0.58,-0.31,0.3,3639.1,0.00811,3.407,11,0.12,0.77,0,0.028,False,0.17,0.77,2.03
2022-11-14,Clatsop Beach,46.028889,-123.917222,,8.21,-13.59,0.6,-0.43,0.11,3612.7,0.00743,0.041,11,0.12,0.0,0,0.023,False,0.0,0.0,1.06
2022-11-21,Clatsop Beach,46.028889,-123.917222,,8.61,-14.52,0.17,-0.52,0.68,5657.1,0.00614,1.309,11,0.12,1.47,0,0.033,False,0.03,1.47,2.97
2022-11-28,Clatsop Beach,46.028889,-123.917222,,8.35,7.9,0.18,-0.64,0.27,3714.2,0.01033,1.808,11,0.12,0.0,0,0.023,False,0.0,0.0,3.88
2022-12-05,Clatsop Beach,46.028889,-123.917222,,9.22,-19.34,0.93,-0.69,0.55,4581.4,0.01104,2.548,12,0.12,0.0,0,0.023,False,0.0,0.0,0.78
2022-12-12,Clatsop Beach,46.028889,-123.917222,,9.02,-11.15,0.51,-0.55,-0.2,3134.2,0.00552,3.099,12,0.12,4.08,0,0.061,False,1.9,4.08,5.38
2022-12-19,Clatsop Beach,46.028889,-123.917222,0.96,9.07,6.62,-0.19,-0.57,0.52,6102.1,0.00553,2.204,12,0.96,1.7,0,0.035,False,0.0,1.7,5.99
2022-12-26,Clatsop Beach,46.028889,-123.917222,,9.67,-13.49,-0.16,-0.34,0.18,5807.4,0.00977,2.344,12,0.96,0.0,0,0.023,False,0.0,0.0,0.56
2022-01-03,Coos Bay,43.376389,-124.237222,0.68,9.38,-11.72,-0.63,-0.78,-0.47,3597.7,0.00738,0.661,1,0.68,4.58,0,0.069,False,3.06,4.58,6.38
2022-01-10,Coos Bay,43.376389,-124.237222,0.72,9.32,-8.32,0.17,-0.75,-0.53,4922.6,0.00967,2.415,1,0.72,1.98,0,0.037,False,0.0,1.98,3.4
2022-01-17,Coos Bay,43.376389,-124.237222,,9.73,4.86,0.3,-0.94,0.32,2500.0,0.00927,2.086,1,0.72,0.0,0,0.023,False,0.0,0.0,1.43
2022-01-24,Coos Bay,43.376389,-124.237222,,9.23,4.71,0.38,-0.6,-0.28,2500.0,0.01063,1.819,1,0.72,1.3,0,0.032,False,0.65,1.3,3.64
2022-01-31,Coos Bay,43.376389,-124.237222,,10.19,11.9,0.2,-0.82,-0.27,2581.4,0.00685,0.306,1,0.72,1.57,0,0.034,False,0.0,1.57,2.19
2022-02-07,Coos Bay,43.376389,-124.237222,,10.66,1.6,0.03,-0.87,-0.09,2500.0,0.00928,2.592,2,0.72,0.0,0,0.023,False,0.0,0.0,10.58
2022-02-14,Coos Bay,43.376389,-124.237222,0.62,10.39,6.23,0.37,-0.69,0.01,5243.1,0.00885,3.204,2,0.62,7.54,1,0.134,True,4.76,7.54,13.83
2022-02-21,Coos Bay,43.376389,-124.237222,0.61,11.09,7.48,0.53,-0.63,0.58,2747.0,0.00823,1.406,2,0.61,0.0,0,0.023,False,0.0,0.0,1.17
2022-02-28,Coos Bay,43.376389,-124.237222,,11.42,19.1,0.29,-0.81,-0.22,2583.1,0.00924,0.591,2,0.61,5.7,1,0.089,False,0.0,5.7,8.7
2022-03-07,Coos Bay,43.376389,-124.237222,,12.04,13.18,-0.09,-0.81,-0.26,5956.9,0.0087,2.822,3,0.61,1.98,0,0.037,False,0.62,1.98,4.38
2022-03-14,Coos Bay,43.376389,-124.237222,,12.23,18.55,0.62,-0.74,0.06,4519.7,0.00919,3.49,3,0.61,2.8,0,0.045,False,1.54,2.8,6.63
2022-03-21,Coos Bay,43.376389,-124.237222,12.42,12.27,6.49,1.53,-0.51,0.11,6661.7,0.01072,3.871,3,12.42,9.49,1,0.201,True,5.97,9.49,13.2
2022-03-28,Coos Bay,43.376389,-124.237222,,12.64,18.48,0.41,-0.77,0.34,5692.0,0.01481,4.489,3,12.42,11.94,1,0.318,True,6.08,11.94,16.77
2022-04-04,Coos Bay,43.376389,-124.237222,,12.44,29.81,0.72,-0.6,-0.04,5655.6,0.01483,4.23,4,12.42,5.33,1,0.082,False,2.2,5.33,12.94
2022-04-11,Coos Bay,43.376389,-124.237222,,12.73,18.1,0.26,-0.91,0.26,7418.6,0.01841,4.451,4,12.42,5.49,1,0.085,False,2.16,5.49,8.16
2022-04-18,Coos Bay,43.376389,-124.237222,,12.86,29.11,0.94,-0.66,-0.13,9003.5,0.01746,5.059,4,12.42,8.06,1,0.15,True,5.22,8.06,12.2
2022-04-25,Coos Bay,43.376389,-124.237222,8.53,13.17,4.8,0.97,-0.56,-0.07,9823.5,0.02196,5.011,4,8.53,4.09,0,0.061,False,0.0,4.09,11.54
2022-05-02,Coos Bay,43.376389,-124.237222,,13.56,-10.21,1.19,-0.5,0.29,10663.7,0.01852,5.245,5,8.53,8.7,1,0.172,True,5.02,8.7,14.9
2022-05-09,Coos Bay,43.376389,-124.237222,,13.2,7.91,0.32,-0.47,1.01,12192.7,0.02209,4.836,5,8.53,7.76,1,0.141,True,4.61,7.76,11.6
2022-05-16,Coos Bay,43.376389,-124.237222,,13.54,26.02,0.85,-0.86,0.26,12494.1,0.02968,4.983,5,8.53,5.36,1,0.082,False,2.7,5.36,10.55
2022-05-23,Coos Bay,43.376389,-124.237222,2.76,13.19,23.9,0.83,-0.71,0.75,10339.1,0.0216,5.028,5,2.76,6.17,1,0.099,False,3.41,6.17,8.25
2022-05-30,Coos Bay,43.376389,-124.237222,,13.65,14.59,0.89,-0.97,-0.12,13122.1,0.02097,5.547,5,2.76,8.06,1,0.15,True,2.37,8.06,14.75
2022-06-06,Coos Bay,43.376389,-124.237222,,14.05,19.75,0.58,-0.66,-0.12,8549.0,0.02009,4.807,6,2.76,8.38,1,0.16,True,1.59,8.38,13.2
2022-06-13,Coos Bay,43.376389,-124.237222,,12.9,5.72,0.25,-0.67,0.39,10548.6,0.0228,5.313,6,2.76,13.46,1,0.405,True,8.09,13.46,23.32
2022-06-20,Coos Bay,43.376389,-124.237222,2.57,13.35,18.46,0.8,-0.65,0.35,11931.6,0.02675,5.624,6,2.57,6.65,1,0.11,True,1.47,6.65,18.12
2022-06-27,Coos Bay,43.376389,-124.237222,,12.21,5.96,0.06,-0.86,-0.71,14441.5,0.01898,4.941,6,2.57,6.41,1,0.105,True,2.03,6.41,16.31
2022-07-04,Coos Bay,43.376389,-124.237222,,12.7,12.95,1.01,-0.24,1.28,11941.0,0.01998,5.063,7,2.57,7.96,1,0.147,True,1.29,7.96,17.82
2022-07-11,Coos Bay,43.376389,-124.237222,39.75,12.24,-14.73,0.6,-0.88,0.41,14247.0,0.02288,4.619,7,39.75,28.81,2,0.969,True,16.13,28.81,43.22
2022-07-18,Coos Bay,43.376389,-124.237222,2.44,12.02,-17.84,1.08,-0.64,-0.08,12297.2,0.01687,4.598,7,2.44,0.22,0,0.024,False,0.0,0.22,1.63
2022-07-25,Coos Bay,43.376389,-124.237222,0.9,11.36,-0.6,0.97,-0.81,0.47,12990.9,0.02022,4.531,7,0.9,0.0,0,0.023,False,0.0,0.0,1.88
2022-08-01,Coos Bay,43.376389,-124.237222,0.93,10.9,2.07,0.81,-0.63,0.52,12715.3,0.01428,4.11,8,0.93,1.14,0,0.03,False,0.0,1.14,5.0
2022-08-08,Coos Bay,43.376389,-124.237222,,10.71,14.28,0.74,-0.61,0.65,10717.4,0.01958,3.955,8,0.93,3.81,0,0.057,False,2.6,3.81,11.48
2022-08-15,Coos Bay,43.376389,-124.237222,,11.04,7.08,0.91,-0.39,0.38,13291.1,0.00933,3.751,8,0.93,0.0,0,0.023,False,0.0,0.0,0.7
2022-08-22,Coos Bay,43.376389,-124.237222,0.29,10.72,-5.53,0.39,-0.83,0.45,14030.1,0.00825,3.107,8,0.29,3.68,0,0.056,False,1.9,3.68,12.35
2022-08-29,Coos Bay,43.376389,-124.237222,,10.04,-2.12,0.73,-0.66,0.53,12276.1,0.01279,2.525,8,0.29,4.37,0,0.066,False,2.39,4.37,10.83
2022-09-05,Coos Bay,43.376389,-124.237222,1.54,9.47,-8.2,0.87,-0.42,0.07,9809.4,0.00972,0.525,9,1.54,0.31,0,0.025,False,0.0,0.31,11.97
2022-09-12,Coos Bay,43.376389,-124.237222,0.79,9.72,-0.43,0.95,-0.7,0.34,11764.5,0.0078,2.853,9,0.79,0.0,0,0.023,False,0.0,0.0,6.37
2022-09-19,Coos Bay,43.376389,-124.237222,,9.45,12.06,0.64,-0.68,0.36,6616.1,0.00764,2.729,9,0.79,2.49,0,0.042,False,0.31,2.49,4.25
2022-09-26,Coos Bay,43.376389,-124.237222,,8.87,-16.82,0.33,-0.47,0.68,7653.0,0.00746,1.864,9,0.79,0.0,0,0.023,False,0.0,0.0,0.34
2022-10-03,Coos Bay,43.376389,-124.237222,,9.02,-16.89,0.59,-0.44,0.65,5625.7,0.0114,2.671,10,0.79,0.0,0,0.023,False,0.0,0.0,0.36
2022-10-10,Coos Bay,43.376389,-124.237222,,8.7,-2.54,0.36,-0.72,0.32,8887.1,0.00595,1.362,10,0.79,1.88,0,0.036,False,0.2,1.88,3.49
2022-10-17,Coos Bay,43.376389,-124.237222,0.3,8.95,-18.63,0.3,-0.48,0.16,5738.5,0.01327,3.062,10,0.3,0.0,0,0.023,False,0.0,0.0,2.86
2022-10-24,Coos Bay,43.376389,-124.237222,,8.23,-9.76,0.59,-0.83,0.01,7267.1,0.00656,2.173,10,0.3,2.73,0,0.044,False,1.86,2.73,8.48
2022-10-31,Coos Bay,43.376389,-124.237222,,8.93,-10.95,0.24,-0.51,0.22,9293.8,0.00806,3.208,10,0.3,0.0,0,0.023,False,0.0,0.0,6.89
2022-11-07,Coos Bay,43.376389,-124.237222,,8.32,-3.23,0.44,-0.38,0.53,5349.0,0.0118,3.025,11,0.3,2.56,0,0.043,False,0.14,2.56,6.29
2022-11-14,Coos Bay,43.376389,-124.237222,,8.17,-25.0,0.26,-0.62,-0.06,4023.1,0.00755,1.66,11,0.3,0.0,0,0.023,False,0.0,0.0,0.02
2022-11-21,Coos Bay,43.376389,-124.237222,,8.12,-10.31,0.37,-0.58,-0.09,5760.7,0.0052,3.024,11,0.3,2.78,0,0.045,False,0.0,2.78,4.27
2022-11-28,Coos Bay,43.376389,-124.237222,,8.01,-7.67,0.33,-0.32,-0.46,2500.0,0.00735,2.81,11,0.3,1.44,0,0.033,False,0.0,1.44,2.2
2022-12-05,Coos Bay,43.376389,-124.237222,,8.7,-2.53,0.76,-0.51,0.54,2500.0,0.0091,1.527,12,0.3,0.0,0,0.023,False,0.0,0.0,1.35
2022-12-12,Coos Bay,43.376389,-124.237222,,8.79,-8.97,0.33,-0.47,0.47,4390.1,0.01084,0.661,12,0.3,0.0,0,0.023,False,0.0,0.0,2.09
2022-12-19,Coos Bay,43.376389,-124.237222,0.93,9.3,-21.41,0.28,-0.51,0.04,5372.8,0.00576,1.653,12,0.93,0.19,0,0.024,False,0.0,0.19,0.38
2022-12-26,Coos Bay,43.376389,-124.237222,0.19,9.24,-6.82,0.39,-0.41,-0.05,3466.1,0.01981,1.479,12,0.19,0.82,0,0.028,False,0.09,0.82,2.35
2022-01-03,Copalis,47.10565,-124.1805,,10.13,-2.21,0.48,-0.67,0.49,3446.3,0.00584,0.483,1,0.0,0.49,0,0.026,False,0.22,0.49,1.23
2022-01-10,Copalis,47.10565,-124.1805,,9.69,-12.94,0.62,-0.88,-0.52,3596.4,0.00783,1.431,1,0.0,1.99,0,0.037,False,0.53,1.99,5.73
2022-01-17,Copalis,47.10565,-124.1805,,10.24,-14.0,0.18,-0.74,-0.57,3711.0,0.01488,2.856,1,0.0,0.6,0,0.027,False,0.0,0.6,2.65
2022-01-24,Copalis,47.10565,-124.1805,,10.84,1.53,0.3,-0.72,0.32,2500.0,0.00659,3.179,1,0.0,4.71,0,0.071,False,2.6,4.71,8.27
2022-01-31,Copalis,47.10565,-124.1805,1.06,10.68,10.24,0.22,-0.73,-0.25,6580.0,0.00765,2.664,1,1.06,0.0,0,0.023,False,0.0,0.0,1.67
2022-02-07,Copalis,47.10565,-124.1805,,11.43,15.05,-0.01,-0.72,0.58,2500.0,0.00706,0.903,2,1.06,0.78,0,0.028,False,0.0,0.78,10.39
2022-02-14,Copalis,47.10565,-124.1805,,11.54,16.86,0.36,-0.78,-0.09,2500.0,0.00577,0.542,2,1.06,3.78,0,0.057,False,1.98,3.78,5.7
2022-02-21,Copalis,47.10565,-124.1805,0.75,11.98,6.41,0.64,-0.43,-0.21,2500.0,0.00832,2.472,2,0.75,0.0,0,0.023,False,0.0,0.0,2.18
2022-02-28,Copalis,47.10565,-124.1805,,12.13,7.79,0.69,-0.88,0.35,2636.3,0.00531,2.716,2,0.75,4.05,0,0.061,False,1.19,4.05,9.33
2022-03-07,Copalis,47.10565,-124.1805,,12.09,-3.13,0.58,-0.61,0.26,7078.4,0.00948,2.998,3,0.75,0.5,0,0.026,False,0.0,0.5,3.09
2022-03-14,Copalis,47.10565,-124.1805,,12.2,2.21,0.37,-0.76,0.18,6821.0,0.00942,3.841,3,0.75,1.47,0,0.033,False,0.0,1.47,9.86
2022-03-21,Copalis,47.10565,-124.1805,,12.86,11.36,0.49,-0.65,0.02,8061.8,0.01637,4.564,3,0.75,4.73,0,0.071,False,3.2,4.73,7.67
2022-03-28,Copalis,47.10565,-124.1805,,13.18,3.67,0.64,-0.71,0.69,7602.4,0.01215,4.837,3,0.75,3.08,0,0.048,False,0.33,3.08,5.91
2022-04-04,Copalis,47.10565,-124.1805,12.82,12.48,14.03,0.54,-0.85,0.42,7565.5,0.01499,4.707,4,12.82,13.83,1,0.427,True,8.14,13.83,19.09
2022-04-11,Copalis,47.10565,-124.1805,,13.88,27.01,0.61,-0.47,0.3,7580.4,0.02708,4.841,4,12.82,8.27,1,0.157,True,1.2,8.27,13.87
2022-04-18,Copalis,47.10565,-124.1805,,13.58,6.64,0.23,-0.55,0.29,12119.4,0.0177,4.931,4,12.82,10.64,1,0.252,True,4.4,10.64,15.35
2022-04-25,Copalis,47.10565,-124.1805,,13.86,23.45,0.54,-1.07,-0.0,9864.5,0.01947,5.056,4,12.82,8.48,1,0.164,True,4.29,8.48,11.86
2022-05-02,Copalis,47.10565,-124.1805,,13.49,14.64,0.14,-0.36,-0.42,9788.5,0.01932,5.381,5,12.82,6.44,1,0.105,True,3.89,6.44,10.91
2022-05-09,Copalis,47.10565,-124.1805,,13.65,27.04,0.56,-0.39,0.5,9661.8,0.01903,5.619,5,12.82,8.58,1,0.167,True,5.34,8.58,13.75
2022-05-16,Copalis,47.10565,-124.1805,15.33,13.67,16.52,0.4,-0.64,0.19,13487.2,0.02291,5.176,5,15.33,15.51,1,0.532,True,9.18,15.51,21.45
2022-05-23,Copalis,47.10565,-124.1805,12.3,13.44,2.34,1.13,-0.74,0.03,12177.2,0.02042,5.217,5,12.3,13.6,1,0.413,True,7.74,13.6,22.08
2022-05-30,Copalis,47.10565,-124.1805,,13.98,28.93,0.4,-0.71,0.27,10403.1,0.02447,5.449,5,12.3,37.52,2,0.996,True,19.6,37.52,57.85
2022-06-06,Copalis,47.10565,-124.1805,,14.14,33.8,1.01,-0.54,0.06,12694.7,0.02117,5.74,6,12.3,7.36,1,0.129,True,3.83,7.36,10.43
2022-06-13,Copalis,47.10565,-124.1805,,13.52,7.82,0.88,-0.5,0.7,11585.3,0.02557,5.592,6,12.3,3.88,0,0.058,False,2.38,3.88,7.01
2022-06-20,Copalis,47.10565,-124.1805,,13.7,18.47,0.48,-0.54,0.32,12744.7,0.02745,5.152,6,12.3,25.02,2,0.924,True,9.08,25.02,39.08
2022-06-27,Copalis,47.10565,-124.1805,,13.26,-8.89,0.95,-0.5,1.3,14483.7,0.02057,5.182,6,12.3,6.93,1,0.117,True,4.47,6.93,11.48
2022-07-04,Copalis,47.10565,-124.1805,,12.99,-7.05,0.74,-0.73,0.06,13854.0,0.01997,5.331,7,12.3,8.19,1,0.154,True,1.41,8.19,12.45
2022-07-11,Copalis,47.10565,-124.1805,1.78,12.37,-7.05,0.66,-0.72,-0.06,9858.4,0.0203,5.4,7,1.78,1.42,0,0.032,False,0.0,1.42,3.02
2022-07-18,Copalis,47.10565,-124.1805,2.58,12.09,16.99,0.63,-0.2,0.03,13232.4,0.01781,5.021,7,2.58,3.65,0,0.055,False,1.38,3.65,7.63
2022-07-25,Copalis,47.10565,-124.1805,1.78,12.27,15.26,1.13,-0.67,0.83,13862.7,0.016,4.819,7,1.78,2.35,0,0.041,False,0.0,2.35,11.48
2022-08-01,Copalis,47.10565,-124.1805,1.82,12.44,6.14,0.48,-0.29,0.68,13526.8,0.01267,4.619,8,1.82,4.19,0,0.063,False,2.0,4.19,8.87
2022-08-08,Copalis,47.10565,-124.1805,,11.26,-13.1,0.62,-0.45,-0.51,12655.5,0.01914,4.313,8,1.82,1.61,0,0.034,False,0.0,1.61,2.34
2022-08-15,Copalis,47.10565,-124.1805,,11.04,-25.0,0.76,-0.29,0.97,11397.0,0.01331,3.927,8,1.82,2.52,0,0.042,False,1.11,2.52,5.16
2022-08-22,Copalis,47.10565,-124.1805,0.44,11.06,-7.17,0.49,-0.67,0.11,12257.2,0.00814,3.628,8,0.44,3.59,0,0.055,False,1.92,3.59,11.37
2022-08-29,Copalis,47.10565,-124.1805,1.35,10.06,0.1,0.96,-0.58,0.41,12049.7,0.01367,1.86,8,1.35,1.62,0,0.034,False,0.0,1.62,2.42
2022-09-05,Copalis,47.10565,-124.1805,,10.17,-4.07,0.33,-0.17,0.16,11319.8,0.00629,0.971,9,1.35,0.0,0,0.023,False,0.0,0.0,13.5
2022-09-12,Copalis,47.10565,-124.1805,,9.92,-9.53,0.84,-0.42,0.41,9729.0,0.00735,1.964,9,1.35,1.48,0,0.033,False,0.0,1.48,10.87
2022-09-19,Copalis,47.10565,-124.1805,0.37,9.83,4.79,1.22,-0.67,0.21,9838.7,0.00716,1.967,9,0.37,0.0,0,0.023,False,0.0,0.0,0.24
2022-09-26,Copalis,47.10565,-124.1805,0.61,9.58,-20.02,0.71,-0.26,0.41,8773.0,0.01135,1.316,9,0.61,3.92,0,0.059,False,1.99,3.92,13.29
2022-10-03,Copalis,47.10565,-124.1805,,9.49,-19.21,0.68,-0.37,-0.12,8550.2,0.00821,1.756,10,0.61,4.34,0,0.065,False,2.82,4.34,7.08
2022-10-10,Copalis,47.10565,-124.1805,,9.6,-19.4,1.19,-0.33,0.3,9878.5,0.0124,1.0,10,0.61,2.45,0,0.042,False,1.61,2.45,8.8
2022-10-17,Copalis,47.10565,-124.1805,,9.09,-10.71,0.44,-0.56,0.3,8497.6,0.00549,2.356,10,0.61,1.97,0,0.037,False,0.92,1.97,4.2
2022-10-24,Copalis,47.10565,-124.1805,0.89,9.02,-11.28,0.27,-0.41,0.03,8243.5,0.00553,2.22,10,0.89,0.0,0,0.023,False,0.0,0.0,1.74
2022-10-31,Copalis,47.10565,-124.1805,,8.7,-10.23,0.64,-0.42,0.98,6717.6,0.00613,2.904,10,0.89,1.06,0,0.03,False,0.57,1.06,4.4
2022-11-07,Copalis,47.10565,-124.1805,,8.59,-18.92,0.78,-0.38,0.22,5094.0,0.00546,1.944,11,0.89,0.0,0,0.023,False,0.0,0.0,4.47
2022-11-14,Copalis,47.10565,-124.1805,,8.84,-4.75,0.52,-0.43,0.36,3946.0,0.00618,0.543,11,0.89,2.06,0,0.038,False,1.36,2.06,2.8
2022-11-21,Copalis,47.10565,-124.1805,,9.14,-24.78,0.52,-0.16,-0.19,3643.1,0.0051,2.45,11,0.89,1.29,0,0.031,False,0.0,1.29,4.38
2022-11-28,Copalis,47.10565,-124.1805,1.38,8.57,-6.59,0.53,-0.34,-0.17,4461.9,0.00678,3.044,11,1.38,0.84,0,0.028,False,0.11,0.84,1.72
2022-12-05,Copalis,47.10565,-124.1805,,8.86,-13.05,0.52,-0.4,0.49,3215.0,0.00604,2.71,12,1.38,0.05,0,0.023,False,0.0,0.05,1.34
2022-12-12,Copalis,47.10565,-124.1805,,9.4,-15.42,0.59,-0.48,0.37,2591.1,0.00733,1.327,12,1.38,2.07,0,0.038,False,0.43,2.07,3.99
2022-12-19,Copalis,47.10565,-124.1805,1.49,8.97,-18.47,0.65,-0.16,0.22,3062.4,0.00975,2.276,12,1.49,4.53,0,0.068,False,2.53,4.53,7.88
2022-12-26,Copalis,47.10565,-124.1805,,9.57,0.81,0.41,-0.31,0.43,7170.7,0.00669,1.902,12,1.49,0.18,0,0.024,False,0.0,0.18,1.45
2022-01-03,Gold Beach,42.377222,-124.414167,,9.37,-8.19,-0.0,-0.95,-0.12,2573.2,0.00601,3.204,1,0.0,3.37,0,0.052,False,1.59,3.37,4.77
2022-01-10,Gold Beach,42.377222,-124.414167,,8.92,-1.64,-0.18,-0.88,-0.2,5513.4,0.01861,1.684,1,0.0,0.0,0,0.023,False,0.0,0.0,0.47
2022-01-17,Gold Beach,42.377222,-124.414167,,9.62,-0.49,0.74,-0.75,-0.03,2500.0,0.00614,1.473,1,0.0,0.0,0,0.023,False,0.0,0.0,0.1
2022-01-24,Gold Beach,42.377222,-124.414167,,9.72,-13.53,0.8,-0.82,0.12,5554.7,0.00622,2.765,1,0.0,4.36,0,0.065,False,0.0,4.36,7.66
2022-01-31,Gold Beach,42.377222,-124.414167,,9.95,-3.78,0.37,-0.49,0.33,3390.9,0.01512,2.872,1,0.0,0.26,0,0.024,False,0.0,0.26,9.6
2022-02-07,Gold Beach,42.377222,-124.414167,0.94,10.61,2.24,0.85,-0.99,-0.19,2500.0,0.00774,1.273,2,0.94,0.0,0,0.023,False,0.0,0.0,0.37
2022-02-14,Gold Beach,42.377222,-124.414167,,10.98,-7.98,0.61,-0.79,-0.01,4237.4,0.01219,0.593,2,0.94,3.94,0,0.059,False,0.83,3.94,13.96
2022-02-21,Gold Beach,42.377222,-124.414167,,11.12,6.27,0.25,-0.75,-0.51,6048.3,0.01081,1.145,2,0.94,2.19,0,0.039,False,0.83,2.19,6.83
2022-02-28,Gold Beach,42.377222,-124.414167,,11.06,-1.19,0.74,-0.75,-0.1,4162.5,0.00714,3.182,2,0.94,3.8,0,0.057,False,0.0,3.8,8.05
2022-03-07,Gold Beach,42.377222,-124.414167,,11.31,-6.21,0.35,-0.82,0.18,4720.1,0.00746,2.45,3,0.94,0.21,0,0.024,False,0.0,0.21,3.38
2022-03-14,Gold Beach,42.377222,-124.414167,1.68,11.92,9.58,0.4,-0.82,-0.18,4947.3,0.00976,3.912,3,1.68,4.76,0,0.072,False,1.33,4.76,11.55
2022-03-21,Gold Beach,42.377222,-124.414167,,12.17,-1.78,0.48,-0.7,0.87,4650.2,0.01366,3.949,3,1.68,1.09,0,0.03,False,0.59,1.09,1.76
2022-03-28,Gold Beach,42.377222,-124.414167,,11.72,9.83,0.63,-0.47,0.63,6016.1,0.01778,4.261,3,1.68,2.33,0,0.04,False,0.0,2.33,5.16
2022-04-04,Gold Beach,42.377222,-124.414167,,12.47,30.09,0.6,-0.7,0.05,9133.0,0.01562,4.471,4,1.68,4.61,0,0.069,False,1.14,4.61,9.67
2022-04-11,Gold Beach,42.377222,-124.414167,,12.3,24.35,1.1,-0.87,-0.13,7880.9,0.01749,4.218,4,1.68,5.94,1,0.094,False,3.65,5.94,10.53
2022-04-18,Gold Beach,42.377222,-124.414167,,12.92,-0.51,0.55,-0.56,-0.2,4888.7,0.01654,4.327,4,1.68,5.63,1,0.088,False,3.57,5.63,12.82
2022-04-25,Gold Beach,42.377222,-124.414167,2.6,13.53,24.57,0.64,-0.58,0.09,9442.9,0.01779,5.039,4,2.6,7.03,1,0.12,True,4.14,7.03,9.58
2022-05-02,Gold Beach,42.377222,-124.414167,,12.86,7.39,0.95,-0.76,0.04,8931.2,0.02024,5.173,5,2.6,2.0,0,0.037,False,0.0,2.0,6.14
2022-05-09,Gold Beach,42.377222,-124.414167,,13.28,30.1,0.57,-0.66,0.22,10571.7,0.01941,4.975,5,2.6,8.18,1,0.154,True,4.99,8.18,13.22
2022-05-16,Gold Beach,42.377222,-124.414167,1.34,13.05,-5.31,1.37,-0.58,0.35,12896.1,0.0226,4.658,5,1.34,4.03,0,0.061,False,1.84,4.03,6.74
2022-05-23,Gold Beach,42.377222,-124.414167,2.66,13.46,13.53,1.0,-0.64,-0.34,6691.4,0.02023,5.195,5,2.66,7.13,1,0.123,True,4.72,7.13,10.74
2022-05-30,Gold Beach,42.377222,-124.414167,2.23,13.41,21.5,0.86,-0.79,0.34,10991.9,0.0205,4.71,5,2.23,8.96,1,0.181,True,5.16,8.96,14.91
2022-06-06,Gold Beach,42.377222,-124.414167,,13.09,-3.02,1.04,-0.33,0.08,13981.3,0.02427,4.858,6,2.23,10.27,1,0.235,True,5.46,10.27,20.46
2022-06-13,Gold Beach,42.377222,-124.414167,,12.71,8.1,0.57,-0.57,0.68,9845.7,0.02506,4.613,6,2.23,6.76,1,0.113,True,0.0,6.76,11.04
2022-06-20,Gold Beach,42.377222,-124.414167,2.28,12.29,17.91,0.94,-0.66,1.02,11772.0,0.02665,4.787,6,2.28,3.57,0,0.054,False,1.35,3.57,9.92
2022-06-27,Gold Beach,42.377222,-124.414167,,12.74,28.86,1.11,-0.59,0.24,9040.2,0.01866,4.656,6,2.28,10.8,1,0.259,True,4.49,10.8,16.09
2022-07-04,Gold Beach,42.377222,-124.414167,,12.31,-7.34,0.98,-0.54,0.99,14638.5,0.01794,5.33,7,2.28,7.64,1,0.137,True,3.91,7.64,10.51
2022-07-11,Gold Beach,42.377222,-124.414167,1.58,11.86,13.0,1.42,-0.74,0.43,13347.0,0.0263,5.086,7,1.58,4.87,0,0.074,False,3.24,4.87,6.62
2022-07-18,Gold Beach,42.377222,-124.414167,,12.31,9.49,1.33,-0.77,0.96,14473.9,0.01537,4.912,7,1.58,6.48,1,0.106,True,3.79,6.48,8.77
2022-07-25,Gold Beach,42.377222,-124.414167,,11.97,-5.28,0.78,-0.72,0.31,10621.9,0.01462,4.321,7,1.58,7.52,1,0.134,True,3.73,7.52,11.46
2022-08-01,Gold Beach,42.377222,-124.414167,,11.29,-23.88,1.14,-0.26,0.97,7345.3,0.01288,4.504,8,1.58,1.87,0,0.036,False,0.0,1.87,3.68
2022-08-08,Gold Beach,42.377222,-124.414167,4.21,10.69,-5.18,0.48,-0.55,-0.04,10159.0,0.01212,4.229,8,4.21,2.73,0,0.044,False,0.0,2.73,7.38
2022-08-15,Gold Beach,42.377222,-124.414167,,11.03,14.43,0.85,-0.53,0.12,11517.8,0.01003,4.045,8,4.21,4.76,0,0.072,False,2.84,4.76,10.36
2022-08-22,Gold Beach,42.377222,-124.414167,,10.33,-5.64,0.58,-0.56,-0.58,12529.4,0.00911,3.114,8,4.21,1.0,0,0.029,False,0.32,1.0,1.46
2022-08-29,Gold Beach,42.377222,-124.414167,,9.54,-4.9,0.78,-0.59,0.26,11491.3,0.01041,3.242,8,4.21,5.51,1,0.085,False,3.39,5.51,8.05
2022-09-05,Gold Beach,42.377222,-124.414167,0.72,9.66,5.17,0.5,-0.62,0.02,8975.7,0.00699,1.582,9,0.72,1.41,0,0.032,False,0.0,1.41,2.8
2022-09-12,Gold Beach,42.377222,-124.414167,0.32,9.4,-4.29,0.78,-0.57,0.83,13204.5,0.00517,2.374,9,0.32,1.8,0,0.036,False,0.0,1.8,4.73
2022-09-19,Gold Beach,42.377222,-124.414167,0.75,9.14,-9.67,0.69,-0.66,0.26,7878.4,0.00636,0.868,9,0.75,0.0,0,0.023,False,0.0,0.0,0.47
2022-09-26,Gold Beach,42.377222,-124.414167,0.22,9.31,-17.81,0.1,-0.47,-0.19,8872.7,0.01863,2.454,9,0.22,0.0,0,0.023,False,0.0,0.0,0.43
2022-10-03,Gold Beach,42.377222,-124.414167,0.26,9.37,-14.63,0.86,-0.63,0.47,6604.0,0.00573,3.385,10,0.26,0.0,0,0.023,False,0.0,0.0,8.64
2022-10-10,Gold Beach,42.377222,-124.414167,,8.87,-24.25,0.84,-0.48,0.97,6674.2,0.00702,1.415,10,0.26,0.0,0,0.023,False,0.0,0.0,4.89
2022-10-17,Gold Beach,42.377222,-124.414167,,8.37,-15.43,1.54,-0.52,0.82,6382.2,0.01758,1.162,10,0.26,0.0,0,0.023,False,0.0,0.0,0.6
2022-10-24,Gold Beach,42.377222,-124.414167,0.11,8.31,-5.36,0.55,-0.83,-0.3,7257.7,0.01194,2.401,10,0.11,0.0,0,0.023,False,0.0,0.0,1.57
2022-10-31,Gold Beach,42.377222,-124.414167,1.23,7.51,-9.53,0.31,-0.44,-0.37,5793.6,0.01805,2.536,10,1.23,4.28,0,0.064,False,2.87,4.28,6.96
2022-11-07,Gold Beach,42.377222,-124.414167,,8.74,-22.45,0.0,-0.42,0.13,6643.3,0.00586,2.544,11,1.23,0.04,0,0.023,False,0.0,0.04,4.75
2022-11-14,Gold Beach,42.377222,-124.414167,,8.26,-24.12,0.06,-0.77,0.31,4313.4,0.00699,1.534,11,1.23,3.33,0,0.051,False,0.0,3.33,6.52
2022-11-21,Gold Beach,42.377222,-124.414167,,7.9,-1.43,0.21,-0.82,-0.23,4267.7,0.00611,2.482,11,1.23,0.0,0,0.023,False,0.0,0.0,0.41
2022-11-28,Gold Beach,42.377222,-124.414167,,8.02,-18.84,0.25,-0.5,-0.15,4549.1,0.00543,1.639,11,1.23,0.0,0,0.023,False,0.0,0.0,4.03
2022-12-05,Gold Beach,42.377222,-124.414167,,8.34,-20.45,-0.08,-0.5,0.36,4280.6,0.02545,1.822,12,1.23,0.0,0,0.023,False,0.0,0.0,1.52
2022-12-12,Gold Beach,42.377222,-124.414167,,8.36,-5.48,-0.03,-0.65,0.17,5069.8,0.00786,2.892,12,1.23,2.26,0,0.04,False,0.87,2.26,3.88
2022-12-19,Gold Beach,42.377222,-124.414167,,9.21,-10.21,-0.24,-0.52,-0.17,2500.0,0.00706,2.514,12,1.23,0.86,0,0.028,False,0.0,0.86,2.53
2022-12-26,Gold Beach,42.377222,-124.414167,,8.69,-15.65,0.57,-0.69,0.49,2500.0,0.00735,0.849,12,1.23,0.0,0,0.023,False,0.0,0.0,2.07
2022-01-03,Kalaloch,47.58597,-124.37914,,9.93,-7.83,0.49,-0.57,0.1,2673.3,0.00518,2.321,1,0.0,0.0,0,0.023,False,0.0,0.0,1.26
2022-01-10,Kalaloch,47.58597,-124.37914,,9.85,-9.26,0.16,-0.93,-0.98,4426.7,0.00603,0.917,1,0.0,0.0,0,0.023,False,0.0,0.0,0.83
2022-01-17,Kalaloch,47.58597,-124.37914,,10.3,-14.73,0.2,-0.77,-0.38,3613.9,0.0052,3.547,1,0.0,0.0,0,0.023,False,0.0,0.0,1.52
2022-01-24,Kalaloch,47.58597,-124.37914,,10.25,-2.84,0.23,-0.78,0.0,3755.3,0.00826,2.121,1,0.0,1.58,0,0.034,False,0.48,1.58,2.12
2022-01-31,Kalaloch,47.58597,-124.37914,0.72,11.06,1.63,0.38,-0.81,-0.44,2500.0,0.01029,1.458,1,0.72,0.48,0,0.026,False,0.0,0.48,5.07
2022-02-07,Kalaloch,47.58597,-124.37914,,11.31,9.16,0.72,-0.65,0.2,2685.3,0.00537,2.376,2,0.72,1.24,0,0.031,False,0.26,1.24,2.18
2022-02-14,Kalaloch,47.58597,-124.37914,1.07,11.68,14.68,0.46,-0.6,0.33,2974.6,0.00929,2.756,2,1.07,2.27,0,0.04,False,0.0,2.27,3.11
2022-02-21,Kalaloch,47.58597,-124.37914,,11.31,13.89,0.78,-0.74,0.1,2500.0,0.00923,0.588,2,1.07,1.95,0,0.037,False,0.75,1.95,5.73
2022-02-28,Kalaloch,47.58597,-124.37914,,12.31,9.81,0.37,-0.66,0.19,6209.8,0.00994,1.574,2,1.07,3.12,0,0.049,False,1.92,3.12,8.56
2022-03-07,Kalaloch,47.58597,-124.37914,,11.53,11.62,0.44,-0.77,0.36,4988.7,0.00772,2.842,3,1.07,6.73,1,0.112,True,3.75,6.73,13.99
2022-03-14,Kalaloch,47.58597,-124.37914,0.5,12.59,-4.76,0.26,-0.87,0.15,5109.9,0.01042,3.34,3,0.5,0.0,0,0.023,False,0.0,0.0,2.04
2022-03-21,Kalaloch,47.58597,-124.37914,,12.96,11.31,0.84,-0.89,0.03,7472.1,0.01397,3.897,3,0.5,5.27,1,0.081,False,3.18,5.27,7.66
2022-03-28,Kalaloch,47.58597,-124.37914,,12.79,6.92,0.66,-0.78,-0.36,6993.2,0.01483,4.079,3,0.5,4.98,0,0.076,False,1.96,4.98,10.59
2022-04-04,Kalaloch,47.58597,-124.37914,2.2,13.2,19.06,0.97,-0.62,0.93,11293.2,0.01412,4.248,4,2.2,5.26,1,0.081,False,2.71,5.26,10.57
2022-04-11,Kalaloch,47.58597,-124.37914,,13.65,17.24,0.75,-0.64,0.03,8434.4,0.01526,5.031,4,2.2,12.27,1,0.336,True,7.82,12.27,17.46
2022-04-18,Kalaloch,47.58597,-124.37914,2.52,14.21,19.8,0.34,-0.59,-0.26,9867.0,0.01721,4.94,4,2.52,5.18,1,0.079,False,2.51,5.18,13.86
2022-04-25,Kalaloch,47.58597,-124.37914,1.57,13.36,6.23,0.98,-0.71,0.87,10083.7,0.01927,4.893,4,1.57,5.34,1,0.082,False,1.8,5.34,7.4
2022-05-02,Kalaloch,47.58597,-124.37914,2.34,13.54,20.55,0.66,-0.56,0.45,9739.4,0.02808,5.247,5,2.34,5.63,1,0.088,False,2.72,5.63,19.63
2022-05-09,Kalaloch,47.58597,-124.37914,,14.13,15.95,0.93,-0.4,0.47,9180.3,0.03274,4.782,5,2.34,8.37,1,0.16,True,2.47,8.37,17.09
2022-05-16,Kalaloch,47.58597,-124.37914,1.7,13.52,3.39,0.91,-0.58,0.57,16683.1,0.02429,5.121,5,1.7,7.68,1,0.138,True,4.61,7.68,13.73
2022-05-23,Kalaloch,47.58597,-124.37914,1.54,13.97,3.72,0.76,-0.73,-0.41,11908.2,0.02253,4.798,5,1.54,3.67,0,0.056,False,2.37,3.67,13.21
2022-05-30,Kalaloch,47.58597,-124.37914,,13.65,21.35,0.56,-0.61,0.24,10814.1,0.02233,5.146,5,1.54,2.76,0,0.045,False,0.0,2.76,7.46
2022-06-06,Kalaloch,47.58597,-124.37914,,13.65,-7.75,0.55,-0.38,0.09,11679.1,0.02079,5.076,6,1.54,10.91,1,0.265,True,6.41,10.91,15.34
2022-06-13,Kalaloch,47.58597,-124.37914,,14.29,23.41,0.34,-0.7,0.64,11398.4,0.01968,4.821,6,1.54,22.86,2,0.877,True,12.44,22.86,33.75
2022-06-20,Kalaloch,47.58597,-124.37914,,13.23,9.13,-0.18,-0.77,-0.17,10827.6,0.02067,5.07,6,1.54,17.45,1,0.649,True,8.53,17.45,24.23
2022-06-27,Kalaloch,47.58597,-124.37914,2.34,13.67,8.51,0.5,-0.54,0.28,11970.2,0.01852,4.997,6,2.34,6.19,1,0.1,True,3.58,6.19,9.7
2022-07-04,Kalaloch,47.58597,-124.37914,,13.31,7.64,0.93,-0.62,0.18,13282.5,0.01869,5.188,7,2.34,8.33,1,0.159,True,3.64,8.33,15.19
2022-07-11,Kalaloch,47.58597,-124.37914,2.56,13.14,8.58,1.04,-0.5,0.09,12159.3,0.02062,5.046,7,2.56,4.03,0,0.061,False,2.53,4.03,6.78
2022-07-18,Kalaloch,47.58597,-124.37914,12.08,13.08,-1.26,0.67,-0.55,0.27,14352.0,0.02047,4.562,7,12.08,8.17,1,0.153,True,4.91,8.17,12.11
2022-07-25,Kalaloch,47.58597,-124.37914,1.36,12.44,0.33,0.82,-0.49,0.0,15978.3,0.01486,4.422,7,1.36,5.27,1,0.081,False,3.33,5.27,9.69
2022-08-01,Kalaloch,47.58597,-124.37914,,11.85,-0.22,0.16,-0.3,-0.06,13859.3,0.01267,4.145,8,1.36,9.91,1,0.219,True,4.01,9.91,19.48
2022-08-08,Kalaloch,47.58597,-124.37914,4.59,11.62,0.28,0.34,-0.77,-0.15,12079.9,0.01517,4.123,8,4.59,8.17,1,0.153,True,5.05,8.17,11.06
2022-08-15,Kalaloch,47.58597,-124.37914,1.62,11.25,-4.14,1.15,-0.44,0.66,12216.0,0.01036,3.613,8,1.62,0.0,0,0.023,False,0.0,0.0,1.46
2022-08-22,Kalaloch,47.58597,-124.37914,1.2,11.18,3.02,0.9,-0.54,1.27,12315.5,0.01076,3.132,8,1.2,0.0,0,0.023,False,0.0,0.0,0.52
2022-08-29,Kalaloch,47.58597,-124.37914,0.99,10.83,0.84,0.31,-0.42,0.06,9243.2,0.0067,0.593,8,0.99,4.06,0,0.061,False,1.64,4.06,8.92
2022-09-05,Kalaloch,47.58597,-124.37914,,10.86,-13.22,0.46,-0.46,-0.34,13545.1,0.0131,0.38,9,0.99,1.61,0,0.034,False,0.0,1.61,2.44
2022-09-12,Kalaloch,47.58597,-124.37914,,10.39,-18.8,0.81,-0.54,0.44,10697.6,0.0069,1.434,9,0.99,1.17,0,0.031,False,0.0,1.17,4.81
2022-09-19,Kalaloch,47.58597,-124.37914,0.33,10.04,-10.91,0.56,-0.42,-0.2,9514.5,0.01424,1.28,9,0.33,0.0,0,0.023,False,0.0,0.0,1.01
2022-09-26,Kalaloch,47.58597,-124.37914,,9.87,3.98,0.71,-0.28,0.35,10881.4,0.00747,1.819,9,0.33,3.64,0,0.055,False,1.52,3.64,5.46
2022-10-03,Kalaloch,47.58597,-124.37914,,9.3,-7.83,0.97,-0.76,-0.08,5499.4,0.01204,2.106,10,0.33,0.61,0,0.027,False,0.0,0.61,9.06
2022-10-10,Kalaloch,47.58597,-124.37914,0.09,9.39,-7.68,0.55,-0.74,0.22,8561.6,0.0062,1.321,10,0.09,1.82,0,0.036,False,0.0,1.82,2.44
2022-10-17,Kalaloch,47.58597,-124.37914,0.13,9.35,-22.1,0.45,-0.64,0.16,8789.0,0.0083,1.143,10,0.13,0.0,0,0.023,False,0.0,0.0,1.73
2022-10-24,Kalaloch,47.58597,-124.37914,0.34,8.68,-16.43,0.6,-0.82,0.2,6828.1,0.00982,0.617,10,0.34,0.0,0,0.023,False,0.0,0.0,0.07
2022-10-31,Kalaloch,47.58597,-124.37914,,9.2,-8.94,0.4,-0.56,0.05,2738.5,0.00789,1.975,10,0.34,0.0,0,0.023,False,0.0,0.0,1.98
2022-11-07,Kalaloch,47.58597,-124.37914,,8.97,-7.13,0.24,-0.45,0.71,2500.0,0.00583,1.747,11,0.34,0.0,0,0.023,False,0.0,0.0,2.09
2022-11-14,Kalaloch,47.58597,-124.37914,,9.44,-7.5,0.5,-0.23,0.23,3839.2,0.00765,1.895,11,0.34,2.2,0,0.039,False,0.0,2.2,4.05
2022-11-21,Kalaloch,47.58597,-124.37914,,8.38,-6.48,0.49,-0.43,0.05,4301.9,0.0055,1.012,11,0.34,0.01,0,0.023,False,0.0,0.01,0.44
2022-11-28,Kalaloch,47.58597,-124.37914,,9.02,-19.91,0.53,-0.45,0.12,2875.3,0.01547,2.89,11,0.34,1.93,0,0.037,False,0.59,1.93,3.94
2022-12-05,Kalaloch,47.58597,-124.37914,,9.7,0.63,0.7,-0.55,0.05,2500.0,0.00666,1.329,12,0.34,0.0,0,0.023,False,0.0,0.0,3.35
2022-12-12,Kalaloch,47.58597,-124.37914,,9.19,-20.89,0.19,-0.42,-0.27,2982.9,0.0052,1.587,12,0.34,1.13,0,0.03,False,0.0,1.13,6.05
2022-12-19,Kalaloch,47.58597,-124.37914,,9.14,9.55,-0.17,-0.57,-0.0,3449.7,0.0056,2.675,12,0.34,0.43,0,0.026,False,0.0,0.43,2.83
2022-12-26,Kalaloch,47.58597,-124.37914,,9.4,-11.96,0.45,-0.47,0.3,6252.5,0.00633,1.789,12,0.34,0.69,0,0.027,False,0.0,0.69,3.57
2022-01-03,Long Beach,46.55835,-124.06088,,9.33,-15.54,0.67,-1.03,0.76,2500.0,0.00656,2.792,1,0.0,1.88,0,0.036,False,0.0,1.88,3.13
2022-01-10,Long Beach,46.55835,-124.06088,,9.82,-9.45,0.38,-0.72,0.6,5173.9,0.00567,2.701,1,0.0,2.79,0,0.045,False,1.5,2.79,4.68
2022-01-17,Long Beach,46.55835,-124.06088,,9.73,-2.71,0.81,-0.88,0.07,5602.6,0.00628,1.403,1,0.0,1.19,0,0.031,False,0.0,1.19,2.08
2022-01-24,Long Beach,46.55835,-124.06088,,10.46,-0.99,0.17,-0.75,-0.15,2763.8,0.00774,2.438,1,0.0,1.86,0,0.036,False,0.18,1.86,3.29
2022-01-31,Long Beach,46.55835,-124.06088,,11.04,8.37,-0.05,-0.63,0.24,2500.0,0.01103,0.751,1,0.0,0.0,0,0.023,False,0.0,0.0,0.76
2022-02-07,Long Beach,46.55835,-124.06088,,11.1,-8.55,0.76,-0.59,0.21,3555.3,0.00762,1.943,2,0.0,3.81,0,0.057,False,0.36,3.81,7.21
2022-02-14,Long Beach,46.55835,-124.06088,,11.02,2.7,0.57,-0.73,-0.41,3283.8,0.00671,0.087,2,0.0,1.11,0,0.03,False,0.0,1.11,3.93
2022-02-21,Long Beach,46.55835,-124.06088,,11.43,7.65,0.59,-0.78,-0.08,3287.1,0.00595,0.498,2,0.0,2.55,0,0.043,False,0.13,2.55,12.04
2022-02-28,Long Beach,46.55835,-124.06088,,12.0,10.8,0.11,-0.71,0.61,5778.9,0.00902,0.536,2,0.0,4.38,0,0.066,False,2.4,4.38,6.43
2022-03-07,Long Beach,46.55835,-124.06088,,11.93,-2.91,0.65,-0.62,0.17,7417.7,0.00953,3.509,3,0.0,1.79,0,0.035,False,0.25,1.79,5.42
2022-03-14,Long Beach,46.55835,-124.06088,,12.28,17.76,0.47,-0.73,0.2,2879.3,0.0085,4.318,3,0.0,6.53,1,0.107,True,2.94,6.53,13.77
2022-03-21,Long Beach,46.55835,-124.06088,,12.32,18.98,0.52,-0.76,0.53,6822.5,0.01511,4.802,3,0.0,3.74,0,0.057,False,1.78,3.74,7.39
2022-03-28,Long Beach,46.55835,-124.06088,,12.29,17.69,0.95,-0.78,0.11,8398.7,0.01908,5.318,3,0.0,2.03,0,0.038,False,1.07,2.03,3.54
2022-04-04,Long Beach,46.55835,-124.06088,2.79,13.08,4.69,0.71,-0.25,0.43,7014.2,0.01668,5.38,4,2.79,4.81,0,0.073,False,0.0,4.81,7.27
2022-04-11,Long Beach,46.55835,-124.06088,69.84,13.04,19.76,0.36,-0.58,0.19,10703.0,0.01526,5.29,4,69.84,45.88,3,1.0,True,21.87,45.88,68.94
2022-04-18,Long Beach,46.55835,-124.06088,,13.26,11.46,0.73,-0.91,-0.28,9586.2,0.01621,5.48,4,69.84,14.72,1,0.483,True,7.37,14.72,21.17
2022-04-25,Long Beach,46.55835,-124.06088,,13.14,-6.23,1.27,-0.62,0.16,10078.7,0.01925,5.584,4,69.84,10.64,1,0.252,True,6.16,10.64,18.42
2022-05-02,Long Beach,46.55835,-124.06088,20.63,13.61,5.92,0.86,-0.79,0.15,7922.0,0.02492,5.612,5,20.63,19.26,1,0.744,True,11.21,19.26,26.8
2022-05-09,Long Beach,46.55835,-124.06088,3.87,14.55,1.85,1.18,-0.51,0.59,13031.6,0.02434,5.884,5,3.87,9.45,1,0.2,True,5.44,9.45,13.42
2022-05-16,Long Beach,46.55835,-124.06088,67.21,13.88,10.99,0.73,-0.5,0.22,9856.7,0.02437,5.998,5,67.21,40.76,3,0.998,True,20.5,40.76,63.91
2022-05-23,Long Beach,46.55835,-124.06088,5.66,13.92,14.49,0.82,-0.73,0.25,10377.3,0.02474,5.787,5,5.66,11.42,1,0.29,True,6.25,11.42,19.99
2022-05-30,Long Beach,46.55835,-124.06088,,13.53,10.99,0.6,-0.97,0.6,13703.8,0.0237,5.708,5,5.66,4.79,0,0.072,False,2.08,4.79,8.15
2022-06-06,Long Beach,46.55835,-124.06088,4.63,13.71,30.37,1.2,-0.57,0.78,13092.0,0.02212,5.727,6,4.63,5.19,1,0.079,False,2.48,5.19,10.46
2022-06-13,Long Beach,46.55835,-124.06088,,13.59,16.63,0.85,-0.58,1.02,14067.2,0.02624,5.817,6,4.63,15.62,1,0.539,True,9.65,15.62,22.84
2022-06-20,Long Beach,46.55835,-124.06088,46.8,13.1,2.15,0.47,-0.73,0.04,10590.9,0.02629,5.759,6,46.8,30.19,2,0.978,True,16.13,30.19,43.74
2022-06-27,Long Beach,46.55835,-124.06088,23.5,13.32,20.33,0.6,-0.48,-0.2,14205.9,0.02683,5.753,6,23.5,19.52,1,0.756,True,11.73,19.52,28.56
2022-07-04,Long Beach,46.55835,-124.06088,3.25,12.5,13.85,1.11,-0.52,0.73,14110.4,0.01816,5.544,7,3.25,5.77,1,0.091,False,3.69,5.77,10.25
2022-07-11,Long Beach,46.55835,-124.06088,3.41,12.82,-12.12,0.83,-0.63,0.6,12546.5,0.02303,5.502,7,3.41,2.42,0,0.041,False,0.0,2.42,12.04
2022-07-18,Long Beach,46.55835,-124.06088,11.8,12.25,4.8,1.14,-0.71,0.61,13429.2,0.03334,5.369,7,11.8,8.66,1,0.17,True,4.34,8.66,11.8
2022-07-25,Long Beach,46.55835,-124.06088,,12.29,16.49,1.12,-0.77,0.7,14833.1,0.01813,5.185,7,11.8,8.88,1,0.178,True,4.26,8.88,14.01
2022-08-01,Long Beach,46.55835,-124.06088,,12.39,17.32,1.32,-0.64,-0.02,11823.8,0.01502,5.351,8,11.8,10.26,1,0.234,True,5.95,10.26,14.99
2022-08-08,Long Beach,46.55835,-124.06088,,11.79,6.49,0.6,-0.54,1.02,11641.4,0.01406,4.813,8,11.8,6.0,1,0.095,False,0.45,6.0,10.09
2022-08-15,Long Beach,46.55835,-124.06088,1.38,10.91,4.15,0.89,-0.71,-0.13,12642.9,0.01262,4.479,8,1.38,3.92,0,0.059,False,1.15,3.92,5.24
2022-08-22,Long Beach,46.55835,-124.06088,,11.16,6.0,1.01,-0.47,0.01,16299.0,0.00873,3.828,8,1.38,4.54,0,0.068,False,0.89,4.54,7.12
2022-08-29,Long Beach,46.55835,-124.06088,,10.19,1.95,0.5,-0.56,0.57,11667.7,0.01182,1.216,8,1.38,3.75,0,0.057,False,1.87,3.75,10.08
2022-09-05,Long Beach,46.55835,-124.06088,,10.69,-13.66,0.8,-0.41,0.31,11480.1,0.01064,1.626,9,1.38,0.0,0,0.023,False,0.0,0.0,2.42
2022-09-12,Long Beach,46.55835,-124.06088,2.41,9.94,-11.44,0.51,-0.63,-0.49,9933.2,0.00532,0.953,9,2.41,0.0,0,0.023,False,0.0,0.0,1.8
2022-09-19,Long Beach,46.55835,-124.06088,0.58,10.15,-16.49,0.33,-0.67,-0.06,9200.2,0.00589,2.502,9,0.58,0.0,0,0.023,False,0.0,0.0,1.01
2022-09-26,Long Beach,46.55835,-124.06088,0.21,9.91,-15.44,0.1,-0.53,0.58,9574.8,0.00544,2.085,9,0.21,2.87,0,0.046,False,1.69,2.87,4.83
2022-10-03,Long Beach,46.55835,-124.06088,1.06,9.41,-19.99,0.93,-0.58,0.32,7605.0,0.00684,2.255,10,1.06,0.0,0,0.023,False,0.0,0.0,1.45
2022-10-10,Long Beach,46.55835,-124.06088,0.4,9.61,-12.96,0.28,-0.57,0.79,7844.8,0.00704,2.956,10,0.4,0.0,0,0.023,False,0.0,0.0,5.42
2022-10-17,Long Beach,46.55835,-124.06088,0.66,9.55,-16.77,0.54,-0.53,0.98,9795.2,0.00702,1.284,10,0.66,0.0,0,0.023,False,0.0,0.0,10.25
2022-10-24,Long Beach,46.55835,-124.06088,,8.57,-12.57,0.31,-0.58,0.3,6119.3,0.00601,3.585,10,0.66,0.0,0,0.023,False,0.0,0.0,1.73
2022-10-31,Long Beach,46.55835,-124.06088,0.9,8.65,-16.84,0.91,-0.44,0.15,6917.2,0.00835,1.242,10,0.9,0.51,0,0.026,False,0.31,0.51,2.16
2022-11-07,Long Beach,46.55835,-124.06088,,8.89,-11.88,0.94,-0.36,0.32,3868.4,0.0063,2.036,11,0.9,0.0,0,0.023,False,0.0,0.0,5.62
2022-11-14,Long Beach,46.55835,-124.06088,,8.87,-16.05,-0.17,-0.77,-0.31,5817.7,0.007,2.311,11,0.9,1.59,0,0.034,False,0.62,1.59,3.75
2022-11-21,Long Beach,46.55835,-124.06088,,8.62,-22.89,1.2,-0.41,0.49,5989.8,0.00709,0.304,11,0.9,0.0,0,0.023,False,0.0,0.0,2.41
2022-11-28,Long Beach,46.55835,-124.06088,,8.83,-16.65,0.28,-0.39,-0.5,5362.5,0.00557,2.843,11,0.9,0.0,0,0.023,False,0.0,0.0,0.79
2022-12-05,Long Beach,46.55835,-124.06088,0.74,9.16,-21.27,0.64,-0.41,0.0,3618.9,0.00506,2.133,12,0.74,0.0,0,0.023,False,0.0,0.0,4.08
2022-12-12,Long Beach,46.55835,-124.06088,,9.08,-9.19,0.36,-0.39,0.77,5037.9,0.00615,3.415,12,0.74,5.19,1,0.079,False,2.27,5.19,9.14
2022-12-19,Long Beach,46.55835,-124.06088,,9.5,-1.62,0.03,-0.61,-0.03,2500.0,0.00591,2.944,12,0.74,3.83,0,0.058,False,2.61,3.83,10.01
2022-12-26,Long Beach,46.55835,-124.06088,,9.49,-17.68,0.36,-0.86,0.07,2500.0,0.00825,2.709,12,0.74,0.0,0,0.023,False,0.0,0.0,4.55
2022-01-03,Newport,44.6,-124.05,,9.45,-7.48,0.15,-0.76,0.03,4716.1,0.00521,1.856,1,0.0,1.43,0,0.033,False,0.21,1.43,2.59
2022-01-10,Newport,44.6,-124.05,,9.01,-4.16,0.67,-0.81,-0.11,2500.0,0.00541,2.782,1,0.0,0.0,0,0.023,False,0.0,0.0,3.77
2022-01-17,Newport,44.6,-124.05,0.33,9.78,0.6,0.36,-0.74,0.87,2536.0,0.01735,0.702,1,0.33,0.89,0,0.029,False,0.0,0.89,5.99
2022-01-24,Newport,44.6,-124.05,,10.08,-10.41,-0.0,-0.49,-0.06,4576.1,0.0073,1.78,1,0.33,0.98,0,0.029,False,0.0,0.98,2.55
2022-01-31,Newport,44.6,-124.05,,9.49,4.83,0.49,-0.93,-0.2,2500.0,0.00656,0.448,1,0.33,1.7,0,0.035,False,0.0,1.7,2.79
2022-02-07,Newport,44.6,-124.05,,10.18,2.65,0.27,-0.8,0.05,4265.6,0.00754,0.06,2,0.33,0.0,0,0.023,False,0.0,0.0,0.01
2022-02-14,Newport,44.6,-124.05,,11.0,8.3,1.03,-0.83,0.54,2500.0,0.00729,1.048,2,0.33,1.19,0,0.031,False,0.83,1.19,3.35
2022-02-21,Newport,44.6,-124.05,,11.36,-6.62,0.55,-0.46,0.73,3407.9,0.00556,1.66,2,0.33,0.0,0,0.023,False,0.0,0.0,1.3
2022-02-28,Newport,44.6,-124.05,,11.03,14.32,0.36,-0.63,0.15,2500.0,0.00591,2.438,2,0.33,2.98,0,0.047,False,0.0,2.98,6.34
2022-03-07,Newport,44.6,-124.05,,12.19,10.38,1.05,-0.64,0.12,4881.3,0.00838,2.892,3,0.33,3.98,0,0.06,False,0.0,3.98,5.87
2022-03-14,Newport,44.6,-124.05,,11.92,-0.96,0.02,-0.81,0.79,6165.5,0.00929,3.847,3,0.33,6.37,1,0.104,True,4.26,6.37,14.35
2022-03-21,Newport,44.6,-124.05,0.86,12.38,-7.27,0.31,-0.8,-0.41,3126.9,0.01264,4.765,3,0.86,3.19,0,0.05,False,0.0,3.19,5.09
2022-03-28,Newport,44.6,-124.05,15.04,12.51,14.29,1.08,-0.62,0.64,6244.9,0.01182,4.657,3,15.04,13.21,1,0.39,True,6.0,13.21,18.7
2022-04-04,Newport,44.6,-124.05,,12.69,1.94,0.9,-0.37,0.21,6463.7,0.0141,4.442,4,15.04,8.72,1,0.172,True,3.05,8.72,13.63
2022-04-11,Newport,44.6,-124.05,2.47,12.85,21.85,0.62,-0.76,0.26,5467.5,0.01924,5.045,4,2.47,4.56,0,0.068,False,2.95,4.56,8.09
2022-04-18,Newport,44.6,-124.05,,12.68,4.59,1.01,-0.57,0.78,7802.8,0.01708,4.834,4,2.47,3.84,0,0.058,False,0.61,3.84,5.78
2022-04-25,Newport,44.6,-124.05,,13.55,17.16,0.85,-0.77,-0.32,10031.6,0.0191,4.876,4,2.47,3.45,0,0.053,False,0.0,3.45,5.49
2022-05-02,Newport,44.6,-124.05,,12.83,14.05,0.73,-0.87,-0.17,8580.9,0.02001,4.867,5,2.47,4.78,0,0.072,False,1.54,4.78,6.87
2022-05-09,Newport,44.6,-124.05,30.7,13.65,22.83,0.83,-0.79,0.44,12186.9,0.02203,5.071,5,30.7,19.05,1,0.734,True,10.49,19.05,30.15
2022-05-16,Newport,44.6,-124.05,1.9,12.97,8.04,0.43,-0.63,0.57,11873.0,0.02002,4.952,5,1.9,2.05,0,0.038,False,0.0,2.05,7.09
2022-05-23,Newport,44.6,-124.05,,13.74,18.28,0.9,-0.48,0.2,10447.0,0.02131,5.64,5,1.9,7.0,1,0.119,True,3.81,7.0,11.18
2022-05-30,Newport,44.6,-124.05,,13.67,-3.09,0.51,-0.78,0.63,13205.7,0.02543,5.782,5,1.9,19.29,1,0.745,True,10.51,19.29,30.46
2022-06-06,Newport,44.6,-124.05,25.85,13.07,16.42,0.75,-0.5,0.25,11578.4,0.02518,5.301,6,25.85,22.64,2,0.871,True,12.64,22.64,35.66
2022-06-13,Newport,44.6,-124.05,15.49,13.27,18.37,0.87,-0.92,0.21,9132.4,0.02096,5.266,6,15.49,14.99,1,0.499,True,5.46,14.99,20.91
2022-06-20,Newport,44.6,-124.05,,12.96,11.11,1.1,-0.58,0.39,14150.2,0.02099,4.918,6,15.49,13.58,1,0.412,True,8.58,13.58,28.62
2022-06-27,Newport,44.6,-124.05,,12.77,14.19,0.39,-0.57,0.38,13890.8,0.01859,5.345,6,15.49,9.41,1,0.198,True,5.16,9.41,17.78
2022-07-04,Newport,44.6,-124.05,1.7,12.28,10.64,0.65,-0.67,0.31,12032.3,0.02304,4.777,7,1.7,2.71,0,0.044,False,0.12,2.71,4.24
2022-07-11,Newport,44.6,-124.05,,11.96,12.5,1.16,-0.31,0.8,14743.8,0.01715,4.825,7,1.7,0.57,0,0.026,False,0.0,0.57,1.36
2022-07-18,Newport,44.6,-124.05,11.0,11.82,8.45,1.36,-0.4,0.83,14424.3,0.02061,4.588,7,11.0,8.68,1,0.171,True,4.44,8.68,12.02
2022-07-25,Newport,44.6,-124.05,1.72,11.54,4.63,0.54,-0.49,0.2,10447.6,0.02121,4.503,7,1.72,6.33,1,0.103,True,0.66,6.33,8.85
2022-08-01,Newport,44.6,-124.05,6.95,11.24,6.59,0.93,-0.7,0.96,13462.5,0.0134,4.425,8,6.95,7.39,1,0.13,True,0.66,7.39,13.98
2022-08-08,Newport,44.6,-124.05,0.83,10.84,2.0,0.71,-0.5,0.56,12798.5,0.01122,4.78,8,0.83,1.65,0,0.034,False,1.04,1.65,4.06
2022-08-15,Newport,44.6,-124.05,,10.84,-6.21,1.18,-0.61,0.01,12895.2,0.00926,3.697,8,0.83,5.24,1,0.08,False,2.78,5.24,11.51
2022-08-22,Newport,44.6,-124.05,,11.3,-1.86,1.07,-0.33,0.82,11540.3,0.00972,3.539,8,0.83,1.03,0,0.03,False,0.68,1.03,5.46
2022-08-29,Newport,44.6,-124.05,,10.09,-0.63,0.69,-0.52,0.33,11406.2,0.00684,1.891,8,0.83,3.46,0,0.053,False,1.77,3.46,7.33
2022-09-05,Newport,44.6,-124.05,,10.24,-3.93,0.7,-0.54,0.44,10451.3,0.00801,1.379,9,0.83,3.14,0,0.049,False,1.0,3.14,7.6
2022-09-12,Newport,44.6,-124.05,2.34,9.93,-12.46,0.92,-0.71,1.02,7867.7,0.00534,3.22,9,2.34,4.24,0,0.064,False,0.0,4.24,5.65
2022-09-19,Newport,44.6,-124.05,,9.85,-21.12,1.13,-0.51,0.21,9279.3,0.00595,1.75,9,2.34,4.0,0,0.06,False,0.0,4.0,6.39
2022-09-26,Newport,44.6,-124.05,0.32,9.0,-14.78,0.57,-0.53,0.52,9356.5,0.00706,1.932,9,0.32,2.14,0,0.039,False,1.27,2.14,5.85
2022-10-03,Newport,44.6,-124.05,,8.95,-11.75,0.82,-0.83,0.32,8795.4,0.01008,2.828,10,0.32,0.0,0,0.023,False,0.0,0.0,0.03
2022-10-10,Newport,44.6,-124.05,,8.6,0.6,0.41,-0.59,-0.19,9679.6,0.00712,3.5,10,0.32,0.0,0,0.023,False,0.0,0.0,0.1
2022-10-17,Newport,44.6,-124.05,0.38,8.81,-17.06,0.95,-0.91,0.37,7197.5,0.0088,2.652,10,0.38,0.0,0,0.023,False,0.0,0.0,5.73
2022-10-24,Newport,44.6,-124.05,,8.86,-25.0,0.49,-0.3,0.44,6172.1,0.00832,2.04,10,0.38,0.5,0,0.026,False,0.0,0.5,4.11
2022-10-31,Newport,44.6,-124.05,,7.96,-25.0,0.8,-0.45,0.23,8275.0,0.0088,2.052,10,0.38,2.61,0,0.043,False,0.0,2.61,4.35
2022-11-07,Newport,44.6,-124.05,,8.62,-15.95,1.2,-0.38,0.05,5831.0,0.00641,2.375,11,0.38,0.87,0,0.028,False,0.0,0.87,4.63
2022-11-14,Newport,44.6,-124.05,,8.71,-15.81,0.31,-0.2,-0.22,5184.5,0.01752,1.473,11,0.38,2.48,0,0.042,False,0.94,2.48,7.97
2022-11-21,Newport,44.6,-124.05,,8.13,-8.15,0.76,-0.34,0.72,7005.5,0.01169,1.613,11,0.38,2.38,0,0.041,False,0.0,2.38,4.22
2022-11-28,Newport,44.6,-124.05,,8.24,-7.94,0.21,-0.58,-0.49,3512.3,0.00506,3.547,11,0.38,1.37,0,0.032,False,0.22,1.37,1.9
2022-12-05,Newport,44.6,-124.05,,8.55,-10.16,0.55,-0.51,0.03,4053.7,0.00792,1.723,12,0.38,2.31,0,0.04,False,0.0,2.31,11.13
2022-12-12,Newport,44.6,-124.05,,9.18,-15.08,0.68,-0.43,0.03,4448.5,0.00991,1.485,12,0.38,0.0,0,0.023,False,0.0,0.0,1.27
2022-12-19,Newport,44.6,-124.05,,9.47,-2.1,0.37,-0.46,0.23,4091.9,0.01019,2.176,12,0.38,0.0,0,0.023,False,0.0,0.0,0.34
2022-12-26,Newport,44.6,-124.05,,9.57,-8.35,-0.03,-0.42,-0.43,3849.5,0.01118,0.997,12,0.38,0.26,0,0.024,False,0.0,0.26,2.37
2022-01-03,Quinault,47.28439,-124.23612,,10.05,-13.47,-0.17,-0.8,-0.17,4259.1,0.00735,2.378,1,0.0,0.07,0,0.023,False,0.0,0.07,4.48
2022-01-10,Quinault,47.28439,-124.23612,,10.08,-8.39,0.52,-0.45,0.28,3373.5,0.00549,1.35,1,0.0,0.0,0,0.023,False,0.0,0.0,0.75
2022-01-17,Quinault,47.28439,-124.23612,,10.13,3.3,0.75,-0.85,0.13,2500.0,0.00884,2.42,1,0.0,0.71,0,0.027,False,0.0,0.71,1.87
2022-01-24,Quinault,47.28439,-124.23612,,9.97,10.42,0.59,-0.79,0.35,2500.0,0.00711,0.168,1,0.0,2.35,0,0.041,False,1.59,2.35,3.91
2022-01-31,Quinault,47.28439,-124.23612,,10.86,3.8,0.49,-0.94,-0.34,6192.5,0.009,3.295,1,0.0,0.0,0,0.023,False,0.0,0.0,14.36
2022-02-07,Quinault,47.28439,-124.23612,,11.11,10.81,-0.06,-0.53,-0.09,2980.2,0.00987,1.621,2,0.0,3.3,0,0.051,False,1.23,3.3,5.0
2022-02-14,Quinault,47.28439,-124.23612,,11.77,-2.72,0.03,-0.79,-0.44,3718.7,0.00558,1.861,2,0.0,5.33,1,0.082,False,1.85,5.33,9.62
2022-02-21,Quinault,47.28439,-124.23612,,11.61,-3.31,1.28,-0.74,0.52,4286.7,0.00571,1.193,2,0.0,3.36,0,0.052,False,1.69,3.36,12.2
2022-02-28,Quinault,47.28439,-124.23612,,12.41,-14.09,-0.09,-0.92,-0.51,5062.4,0.0056,3.408,2,0.0,2.36,0,0.041,False,0.0,2.36,3.57
2022-03-07,Quinault,47.28439,-124.23612,,12.56,19.41,0.78,-0.9,0.1,5971.9,0.00972,2.824,3,0.0,5.17,1,0.079,False,1.7,5.17,17.44
2022-03-14,Quinault,47.28439,-124.23612,,12.44,20.42,0.26,-0.63,0.34,5294.5,0.00837,3.498,3,0.0,10.54,1,0.247,True,5.07,10.54,23.03
2022-03-21,Quinault,47.28439,-124.23612,,13.09,9.65,0.45,-0.56,-0.1,4199.7,0.01274,3.98,3,0.0,0.0,0,0.023,False,0.0,0.0,6.48
2022-03-28,Quinault,47.28439,-124.23612,,13.34,12.16,0.53,-0.51,1.07,7898.8,0.01262,4.206,3,0.0,7.17,1,0.124,True,1.1,7.17,10.27
2022-04-04,Quinault,47.28439,-124.23612,,13.32,3.39,0.78,-0.96,0.72,8193.4,0.01398,4.365,4,0.0,5.55,1,0.086,False,2.74,5.55,10.37
2022-04-11,Quinault,47.28439,-124.23612,,13.15,19.5,0.63,-0.57,0.4,4531.5,0.01487,4.582,4,0.0,2.66,0,0.044,False,0.93,2.66,7.78
2022-04-18,Quinault,47.28439,-124.23612,,13.33,-0.18,0.4,-0.53,-0.22,12635.0,0.0193,5.326,4,0.0,7.07,1,0.121,True,4.4,7.07,22.22
2022-04-25,Quinault,47.28439,-124.23612,,13.73,7.5,0.2,-0.53,-0.06,9640.5,0.01741,5.121,4,0.0,2.72,0,0.044,False,1.32,2.72,4.17
2022-05-02,Quinault,47.28439,-124.23612,,14.01,26.19,0.91,-0.9,0.07,9477.3,0.02562,4.868,5,0.0,16.01,1,0.563,True,10.02,16.01,26.29
2022-05-09,Quinault,47.28439,-124.23612,,14.12,22.11,1.13,-0.5,0.27,11343.1,0.02093,4.959,5,0.0,13.83,1,0.427,True,7.34,13.83,20.05
2022-05-16,Quinault,47.28439,-124.23612,10.89,13.97,-0.63,0.43,-0.5,0.16,11926.3,0.02543,5.421,5,10.89,7.73,1,0.14,True,4.72,7.73,10.89
2022-05-23,Quinault,47.28439,-124.23612,3.11,13.56,29.24,0.69,-0.63,0.44,8477.7,0.02454,5.066,5,3.11,6.96,1,0.118,True,4.12,6.96,10.9
2022-05-30,Quinault,47.28439,-124.23612,3.43,13.85,25.98,0.62,-0.43,1.17,11247.3,0.0262,5.852,5,3.43,8.09,1,0.151,True,3.17,8.09,15.54
2022-06-06,Quinault,47.28439,-124.23612,,13.64,2.61,0.48,-0.79,-0.58,10344.8,0.02334,5.028,6,3.43,13.57,1,0.412,True,8.1,13.57,20.32
2022-06-13,Quinault,47.28439,-124.23612,,13.6,19.15,0.45,-0.57,0.25,13198.6,0.02245,5.152,6,3.43,8.82,1,0.176,True,5.42,8.82,14.12
2022-06-20,Quinault,47.28439,-124.23612,,13.31,7.85,0.68,-0.79,0.59,14272.1,0.01964,5.36,6,3.43,6.78,1,0.114,True,4.27,6.78,25.01
2022-06-27,Quinault,47.28439,-124.23612,1.71,13.09,3.9,0.88,-0.56,0.62,15885.8,0.01871,5.01,6,1.71,4.57,0,0.069,False,0.87,4.57,7.56
2022-07-04,Quinault,47.28439,-124.23612,,13.27,-5.2,-0.24,-0.73,0.38,13485.8,0.01882,5.108,7,1.71,5.87,1,0.093,False,3.75,5.87,10.65
2022-07-11,Quinault,47.28439,-124.23612,38.35,13.07,10.79,1.12,-0.42,1.0,13972.6,0.01698,5.243,7,38.35,24.21,2,0.909,True,13.48,24.21,35.39
2022-07-18,Quinault,47.28439,-124.23612,,12.93,-5.31,0.91,-0.64,0.37,14873.2,0.01523,4.681,7,38.35,6.18,1,0.099,False,3.1,6.18,9.7
2022-07-25,Quinault,47.28439,-124.23612,1.86,12.75,3.89,0.87,-0.64,0.56,12911.6,0.01507,4.725,7,1.86,0.0,0,0.023,False,0.0,0.0,3.57
2022-08-01,Quinault,47.28439,-124.23612,,12.33,-10.34,0.83,-0.67,0.81,10368.8,0.01243,4.779,8,1.86,2.4,0,0.041,False,0.15,2.4,11.48
2022-08-08,Quinault,47.28439,-124.23612,0.96,11.68,-21.29,1.0,-0.4,-0.28,11790.3,0.02822,4.165,8,0.96,0.85,0,0.028,False,0.0,0.85,3.45
2022-08-15,Quinault,47.28439,-124.23612,1.7,11.49,-8.81,0.38,-0.42,0.41,11933.9,0.01059,3.938,8,1.7,0.8,0,0.028,False,0.49,0.8,5.43
2022-08-22,Quinault,47.28439,-124.23612,,11.04,-2.4,0.38,-0.33,0.12,13382.1,0.01753,3.131,8,1.7,3.2,0,0.05,False,1.67,3.2,4.48
2022-08-29,Quinault,47.28439,-124.23612,0.58,11.01,3.7,0.8,-0.43,0.28,13436.0,0.00576,2.531,8,0.58,0.0,0,0.023,False,0.0,0.0,0.71
2022-09-05,Quinault,47.28439,-124.23612,,10.05,-4.09,0.54,-0.38,0.1,10759.9,0.00523,2.02,9,0.58,0.0,0,0.023,False,0.0,0.0,2.09
2022-09-12,Quinault,47.28439,-124.23612,0.3,9.96,-10.4,0.71,-0.7,0.89,11595.6,0.00746,1.6,9,0.3,2.66,0,0.044,False,1.32,2.66,3.55
2022-09-19,Quinault,47.28439,-124.23612,,9.94,-17.15,0.75,-0.67,0.7,10663.0,0.00567,0.744,9,0.3,0.1,0,0.024,False,0.0,0.1,1.0
2022-09-26,Quinault,47.28439,-124.23612,0.92,9.77,-17.57,0.88,-0.45,0.71,10104.3,0.00624,0.607,9,0.92,3.3,0,0.051,False,1.16,3.3,6.52
2022-10-03,Quinault,47.28439,-124.23612,,9.66,4.14,0.54,-0.47,-0.2,7764.3,0.00968,2.066,10,0.92,3.35,0,0.052,False,0.66,3.35,4.45
2022-10-10,Quinault,47.28439,-124.23612,,9.36,-13.09,0.82,-0.65,0.22,5454.1,0.01108,2.679,10,0.92,0.0,0,0.023,False,0.0,0.0,0.92
2022-10-17,Quinault,47.28439,-124.23612,0.67,8.72,1.43,0.58,-0.22,-0.42,6497.1,0.00769,1.214,10,0.67,0.0,0,0.023,False,0.0,0.0,2.16
2022-10-24,Quinault,47.28439,-124.23612,0.44,9.21,-12.81,0.42,-0.58,0.16,8524.0,0.00585,1.931,10,0.44,0.0,0,0.023,False,0.0,0.0,2.55
2022-10-31,Quinault,47.28439,-124.23612,,9.09,-15.69,0.8,-0.66,0.76,5129.3,0.00542,1.953,10,0.44,4.36,0,0.065,False,2.45,4.36,13.55
2022-11-07,Quinault,47.28439,-124.23612,,9.21,-18.83,0.07,-0.53,0.63,6919.5,0.00555,0.317,11,0.44,0.82,0,0.028,False,0.0,0.82,4.18
2022-11-14,Quinault,47.28439,-124.23612,,9.0,-4.16,0.41,-0.4,0.03,4304.7,0.00518,3.353,11,0.44,1.34,0,0.032,False,0.89,1.34,3.36
2022-11-21,Quinault,47.28439,-124.23612,,8.93,-25.0,0.75,-0.39,0.7,2500.0,0.00701,0.918,11,0.44,0.52,0,0.026,False,0.24,0.52,8.67
2022-11-28,Quinault,47.28439,-124.23612,,9.04,-18.47,0.77,-0.46,0.53,2860.9,0.01046,2.525,11,0.44,0.39,0,0.025,False,0.0,0.39,5.12
2022-12-05,Quinault,47.28439,-124.23612,,9.37,-2.83,0.61,-0.6,0.9,2500.0,0.00534,4.323,12,0.44,0.0,0,0.023,False,0.0,0.0,0.67
2022-12-12,Quinault,47.28439,-124.23612,0.87,9.26,0.28,0.56,-0.37,-0.45,2500.0,0.0083,2.732,12,0.87,1.6,0,0.034,False,0.0,1.6,2.51
2022-12-19,Quinault,47.28439,-124.23612,,9.26,-9.8,0.03,-0.63,0.65,2500.0,0.00648,1.312,12,0.87,0.0,0,0.023,False,0.0,0.0,3.38
2022-12-26,Quinault,47.28439,-124.23612,,9.82,3.77,-0.34,-0.51,-0.11,4828.6,0.00696,1.644,12,0.87,1.42,0,0.032,False,0.0,1.42,4.32
2022-01-03,Twin Harbors,46.79202,-124.09969,,10.15,3.8,0.79,-0.69,0.35,2500.0,0.00533,2.04,1,0.0,5.54,1,0.086,False,1.77,5.54,12.01
2022-01-10,Twin Harbors,46.79202,-124.09969,,10.59,-4.21,0.3,-0.82,-0.06,2500.0,0.00514,1.445,1,0.0,2.31,0,0.04,False,0.18,2.31,7.05
2022-01-17,Twin Harbors,46.79202,-124.09969,0.45,9.71,2.75,0.39,-1.0,0.03,2500.0,0.00987,2.103,1,0.45,2.55,0,0.043,False,0.0,2.55,6.29
2022-01-24,Twin Harbors,46.79202,-124.09969,,10.17,0.6,0.42,-1.1,0.16,4785.5,0.00863,0.88,1,0.45,0.0,0,0.023,False,0.0,0.0,12.89
2022-01-31,Twin Harbors,46.79202,-124.09969,,10.8,4.33,-0.05,-0.63,-0.22,3582.5,0.00589,2.328,1,0.45,3.07,0,0.048,False,1.73,3.07,6.32
2022-02-07,Twin Harbors,46.79202,-124.09969,,10.75,-0.4,0.91,-0.84,0.57,3368.1,0.00831,1.703,2,0.45,1.08,0,0.03,False,0.0,1.08,1.77
2022-02-14,Twin Harbors,46.79202,-124.09969,0.57,11.6,6.13,0.29,-0.7,-0.34,4105.1,0.00504,1.503,2,0.57,4.19,0,0.063,False,1.66,4.19,10.81
2022-02-21,Twin Harbors,46.79202,-124.09969,,11.03,11.41,0.76,-0.55,0.49,5591.3,0.00669,1.44,2,0.57,0.72,0,0.027,False,0.0,0.72,1.81
2022-02-28,Twin Harbors,46.79202,-124.09969,,12.0,9.26,0.49,-0.62,0.51,2500.0,0.00639,2.582,2,0.57,3.25,0,0.05,False,0.98,3.25,8.78
2022-03-07,Twin Harbors,46.79202,-124.09969,,11.91,5.09,0.57,-0.75,-0.34,7057.8,0.00677,3.418,3,0.57,5.62,1,0.087,False,0.0,5.62,16.89
2022-03-14,Twin Harbors,46.79202,-124.09969,,13.05,6.01,0.57,-0.9,0.23,5045.3,0.0183,4.16,3,0.57,17.84,1,0.67,True,7.61,17.84,28.16
2022-03-21,Twin Harbors,46.79202,-124.09969,,12.19,8.06,0.58,-0.68,0.33,7668.3,0.01532,5.066,3,0.57,2.06,0,0.038,False,0.0,2.06,5.42
2022-03-28,Twin Harbors,46.79202,-124.09969,,12.61,13.87,1.15,-0.37,0.72,7641.7,0.01347,4.833,3,0.57,9.73,1,0.211,True,3.97,9.73,14.91
2022-04-04,Twin Harbors,46.79202,-124.09969,,13.2,18.42,0.94,-0.97,0.31,5822.2,0.01624,5.095,4,0.57,5.73,1,0.09,False,0.0,5.73,8.95
2022-04-11,Twin Harbors,46.79202,-124.09969,3.92,13.0,19.36,0.53,-0.71,1.27,5831.6,0.0155,5.626,4,3.92,9.14,1,0.188,True,5.88,9.14,13.55
2022-04-18,Twin Harbors,46.79202,-124.09969,3.41,13.42,17.68,0.49,-0.55,0.15,6927.5,0.02792,5.378,4,3.41,3.44,0,0.053,False,1.89,3.44,7.56
2022-04-25,Twin Harbors,46.79202,-124.09969,4.97,13.47,30.37,0.07,-0.21,0.45,9611.6,0.02902,5.452,4,4.97,6.06,1,0.097,False,3.06,6.06,12.21
2022-05-02,Twin Harbors,46.79202,-124.09969,3.35,14.09,12.65,0.69,-0.52,1.21,10137.0,0.02596,5.436,5,3.35,7.42,1,0.131,True,2.14,7.42,13.29
2022-05-09,Twin Harbors,46.79202,-124.09969,,13.51,-1.29,0.55,-0.53,0.6,11163.3,0.01996,5.492,5,3.35,1.78,0,0.035,False,0.18,1.78,2.99
2022-05-16,Twin Harbors,46.79202,-124.09969,24.4,14.03,28.55,0.93,-0.59,0.07,11221.7,0.02149,5.545,5,24.4,20.22,2,0.787,True,10.3,20.22,30.11
2022-05-23,Twin Harbors,46.79202,-124.09969,,13.23,16.51,0.77,-0.77,0.57,12778.6,0.02,5.569,5,24.4,21.59,2,0.839,True,12.86,21.59,34.8
2022-05-30,Twin Harbors,46.79202,-124.09969,,13.7,21.61,0.69,-0.54,-0.34,11592.8,0.02307,6.118,5,24.4,5.06,1,0.077,False,2.99,5.06,8.63
2022-06-06,Twin Harbors,46.79202,-124.09969,3.7,12.76,14.45,1.33,-0.44,0.61,11418.4,0.02076,5.775,6,3.7,4.83,0,0.073,False,1.31,4.83,8.69
2022-06-13,Twin Harbors,46.79202,-124.09969,33.96,13.32,21.71,0.24,-0.63,0.23,11038.7,0.01981,5.775,6,33.96,24.01,2,0.905,True,14.02,24.01,38.15
2022-06-20,Twin Harbors,46.79202,-124.09969,,13.67,-2.33,0.54,-0.45,0.11,11533.0,0.02009,5.809,6,33.96,8.51,1,0.165,True,4.99,8.51,14.63
2022-06-27,Twin Harbors,46.79202,-124.09969,,13.32,7.2,0.88,-0.7,-0.62,12669.1,0.02144,5.664,6,33.96,26.94,2,0.952,True,15.23,26.94,39.77
2022-07-04,Twin Harbors,46.79202,-124.09969,3.58,13.02,9.08,0.61,-0.65,0.49,14776.9,0.01769,5.468,7,3.58,6.33,1,0.103,True,3.61,6.33,15.18
2022-07-11,Twin Harbors,46.79202,-124.09969,2.64,12.33,-10.48,1.17,-0.64,0.31,13723.4,0.01967,5.412,7,2.64,2.19,0,0.039,False,0.0,2.19,3.4
2022-07-18,Twin Harbors,46.79202,-124.09969,2.29,12.61,-6.22,0.54,-0.42,-0.26,15419.6,0.01896,5.223,7,2.29,3.89,0,0.059,False,1.97,3.89,21.34
2022-07-25,Twin Harbors,46.79202,-124.09969,,11.7,2.91,0.33,-0.75,0.05,8881.5,0.01537,5.171,7,2.29,21.78,2,0.845,True,11.96,21.78,30.76
2022-08-01,Twin Harbors,46.79202,-124.09969,1.3,12.54,2.02,1.1,-0.68,0.49,14975.0,0.02348,4.873,8,1.3,4.89,0,0.074,False,3.16,4.89,6.51
2022-08-08,Twin Harbors,46.79202,-124.09969,2.42,11.67,12.8,0.41,-0.78,0.23,12476.4,0.0163,4.602,8,2.42,1.84,0,0.036,False,0.0,1.84,9.03
2022-08-15,Twin Harbors,46.79202,-124.09969,,11.22,-5.33,0.54,-0.67,0.89,11921.4,0.01088,4.253,8,2.42,1.26,0,0.031,False,0.18,1.26,2.49
2022-08-22,Twin Harbors,46.79202,-124.09969,,11.2,-4.98,0.69,-0.64,0.01,10809.4,0.00764,3.829,8,2.42,0.0,0,0.023,False,0.0,0.0,3.92
2022-08-29,Twin Harbors,46.79202,-124.09969,0.86,10.35,5.72,0.39,-0.41,0.41,10920.6,0.00642,3.139,8,0.86,2.38,0,0.041,False,0.0,2.38,8.12
2022-09-05,Twin Harbors,46.79202,-124.09969,0.85,10.2,8.11,0.25,-0.5,0.91,10808.1,0.00524,2.859,9,0.85,0.86,0,0.028,False,0.25,0.86,7.0
2022-09-12,Twin Harbors,46.79202,-124.09969,1.27,10.12,-19.88,0.85,-0.47,0.36,10777.3,0.0059,2.303,9,1.27,0.0,0,0.023,False,0.0,0.0,14.34
2022-09-19,Twin Harbors,46.79202,-124.09969,0.56,10.05,-11.14,0.5,-0.44,0.92,9441.7,0.00585,2.484,9,0.56,2.33,0,0.04,False,0.17,2.33,4.1
2022-09-26,Twin Harbors,46.79202,-124.09969,,9.87,-14.06,0.86,-0.7,0.07,7525.2,0.01065,0.694,9,0.56,5.25,1,0.08,False,2.72,5.25,10.66
2022-10-03,Twin Harbors,46.79202,-124.09969,,9.36,-18.5,0.88,-0.53,0.09,10540.3,0.0065,3.26,10,0.56,0.0,0,0.023,False,0.0,0.0,0.37
2022-10-10,Twin Harbors,46.79202,-124.09969,0.14,9.4,-25.0,1.05,-0.68,0.13,7060.4,0.01251,2.086,10,0.14,0.56,0,0.026,False,0.0,0.56,2.3
2022-10-17,Twin Harbors,46.79202,-124.09969,,9.0,-9.09,0.64,-0.4,1.05,5009.9,0.00718,1.463,10,0.14,1.97,0,0.037,False,0.0,1.97,8.23
2022-10-24,Twin Harbors,46.79202,-124.09969,,9.42,-18.14,0.48,-1.0,0.35,4776.6,0.00562,3.011,10,0.14,3.57,0,0.054,False,2.09,3.57,6.07
2022-10-31,Twin Harbors,46.79202,-124.09969,,8.12,-13.41,0.69,-0.41,0.77,4584.9,0.00942,0.972,10,0.14,0.0,0,0.023,False,0.0,0.0,2.68
2022-11-07,Twin Harbors,46.79202,-124.09969,,9.05,-25.0,0.31,-0.62,-0.29,4520.7,0.005,3.557,11,0.14,0.0,0,0.023,False,0.0,0.0,2.1
2022-11-14,Twin Harbors,46.79202,-124.09969,,8.3,-19.97,0.86,-0.6,0.16,5824.2,0.00639,2.858,11,0.14,2.08,0,0.038,False,0.0,2.08,5.84
2022-11-21,Twin Harbors,46.79202,-124.09969,,8.65,-12.18,1.02,-0.39,0.6,3805.6,0.00763,0.36,11,0.14,0.0,0,0.023,False,0.0,0.0,10.82
2022-11-28,Twin Harbors,46.79202,-124.09969,,8.77,-11.26,1.05,0.03,0.66,3961.9,0.01027,2.605,11,0.14,2.65,0,0.044,False,0.95,2.65,3.65
2022-12-05,Twin Harbors,46.79202,-124.09969,,8.84,-6.91,0.26,-0.35,-0.42,2500.0,0.01652,2.571,12,0.14,0.2,0,0.024,False,0.0,0.2,2.82
2022-12-12,Twin Harbors,46.79202,-124.09969,,8.76,-14.3,0.6,-0.3,0.12,3452.3,0.01048,2.577,12,0.14,1.29,0,0.031,False,0.16,1.29,7.65
2022-12-19,Twin Harbors,46.79202,-124.09969,,9.3,0.63,0.91,-0.41,0.27,3719.1,0.00983,1.8,12,0.14,0.0,0,0.023,False,0.0,0.0,1.97
2022-12-26,Twin Harbors,46.79202,-124.09969,,9.63,-11.64,0.65,-0.32,0.53,2500.0,0.00754,3.205,12,0.14,4.39,0,0.066,False,1.49,4.39,6.04
