channel,date,path,status,message
chla,2010-01-02,/Users/ansonchen/Downloads/GitHub/DATect-Forecasting-Domoic-Acid/ocean anomaly detection/data/raw/chla/chla_20100102.nc,OK,ok
chla,2010-01-03,/Users/ansonchen/Downloads/GitHub/DATect-Forecasting-Domoic-Acid/ocean anomaly detection/data/raw/chla/chla_20100103.nc,OK,ok
chla,2010-01-06,/Users/ansonchen/Downloads/GitHub/DATect-Forecasting-Domoic-Acid/ocean anomaly detection/data/raw/chla/chla_20100106.nc,OK,ok
chla,2010-01-05,/Users/ansonchen/Downloads/GitHub/DATect-Forecasting-Domoic-Acid/ocean anomaly detection/data/raw/chla/chla_20100105.nc,OK,ok
chla,2010-01-08,/Users/ansonchen/Downloads/GitHub/DATect-Forecasting-Domoic-Acid/ocean anomaly detection/data/raw/chla/chla_20100108.nc,OK,ok
chla,2010-01-01,/Users/ansonchen/Downloads/GitHub/DATect-Forecasting-Domoic-Acid/ocean anomaly detection/data/raw/chla/chla_20100101.nc,OK,ok
chla,2010-01-07,/Users/ansonchen/Downloads/GitHub/DATect-Forecasting-Domoic-Acid/ocean anomaly detection/data/raw/chla/chla_20100107.nc,OK,ok
chla,2010-01-09,/Users/ansonchen/Downloads/GitHub/DATect-Forecasting-Domoic-Acid/ocean anomaly detection/data/raw/chla/chla_20100109.nc,OK,ok
chla,2010-01-10,/Users/ansonchen/Downloads/GitHub/DATect-Forecasting-Domoic-Acid/ocean anomaly detection/data/raw/chla/chla_20100110.nc,OK,ok
chla,2010-01-11,/Users/ansonchen/Downloads/GitHub/DATect-Forecasting-Domoic-Acid/ocean anomaly detection/data/raw/chla/chla_20100111.nc,OK,ok
chla,2010-01-12,/Users/ansonchen/Downloads/GitHub/DATect-Forecasting-Domoic-Acid/ocean anomaly detection/data/raw/chla/chla_20100112.nc,OK,ok
chla,2010-01-13,/Users/ansonchen/Downloads/GitHub/DATect-Forecasting-Domoic-Acid/ocean anomaly detection/data/raw/chla/chla_20100113.nc,OK,ok
chla,2010-01-14,/Users/ansonchen/Downloads/GitHub/DATect-Forecasting-Domoic-Acid/ocean anomaly detection/data/raw/chla/chla_20100114.nc,OK,ok
chla,2010-01-15,/Users/ansonchen/Downloads/GitHub/DATect-Forecasting-Domoic-Acid/ocean anomaly detection/data/raw/chla/chla_20100115.nc,OK,ok
chla,2010-01-16,/Users/ansonchen/Downloads/GitHub/DATect-Forecasting-Domoic-Acid/ocean anomaly detection/data/raw/chla/chla_20100116.nc,OK,ok
chla,2010-01-17,/Users/ansonchen/Downloads/GitHub/DATect-Forecasting-Domoic-Acid/ocean anomaly detection/data/raw/chla/chla_20100117.nc,OK,ok
chla,2010-01-18,/Users/ansonchen/Downloads/GitHub/DATect-Forecasting-Domoic-Acid/ocean anomaly detection/data/raw/chla/chla_20100118.nc,OK,ok
chla,2010-01-19,/Users/ansonchen/Downloads/GitHub/DATect-Forecasting-Domoic-Acid/ocean anomaly detection/data/raw/chla/chla_20100119.nc,OK,ok
chla,2010-01-20,/Users/ansonchen/Downloads/GitHub/DATect-Forecasting-Domoic-Acid/ocean anomaly detection/data/raw/chla/chla_20100120.nc,OK,ok
chla,2010-01-21,/Users/ansonchen/Downloads/GitHub/DATect-Forecasting-Domoic-Acid/ocean anomaly detection/data/raw/chla/chla_20100121.nc,OK,ok
chla,2010-01-22,/Users/ansonchen/Downloads/GitHub/DATect-Forecasting-Domoic-Acid/ocean anomaly detection/data/raw/chla/chla_20100122.nc,OK,ok
chla,2010-01-23,/Users/ansonchen/Downloads/GitHub/DATect-Forecasting-Domoic-Acid/ocean anomaly detection/data/raw/chla/chla_20100123.nc,OK,ok
chla,2010-01-24,/Users/ansonchen/Downloads/GitHub/DATect-Forecasting-Domoic-Acid/ocean anomaly detection/data/raw/chla/chla_20100124.nc,OK,ok
chla,2010-01-25,/Users/ansonchen/Downloads/GitHub/DATect-Forecasting-Domoic-Acid/ocean anomaly detection/data/raw/chla/chla_20100125.nc,OK,ok
chla,2010-01-27,/Users/ansonchen/Downloads/GitHub/DATect-Forecasting-Domoic-Acid/ocean anomaly detection/data/raw/chla/chla_20100127.nc,OK,ok
chla,2010-01-28,/Users/ansonchen/Downloads/GitHub/DATect-Forecasting-Domoic-Acid/ocean anomaly detection/data/raw/chla/chla_20100128.nc,OK,ok
chla,2010-01-29,/Users/ansonchen/Downloads/GitHub/DATect-Forecasting-Domoic-Acid/ocean anomaly detection/data/raw/chla/chla_20100129.nc,OK,ok
chla,2010-01-30,/Users/ansonchen/Downloads/GitHub/DATect-Forecasting-Domoic-Acid/ocean anomaly detection/data/raw/chla/chla_20100130.nc,OK,ok
chla,2010-01-31,/Users/ansonchen/Downloads/GitHub/DATect-Forecasting-Domoic-Acid/ocean anomaly detection/data/raw/chla/chla_20100131.nc,OK,ok
chla,2010-02-01,/Users/ansonchen/Downloads/GitHub/DATect-Forecasting-Domoic-Acid/ocean anomaly detection/data/raw/chla/chla_20100201.nc,OK,ok
chla,2010-02-02,/Users/ansonchen/Downloads/GitHub/DATect-Forecasting-Domoic-Acid/ocean anomaly detection/data/raw/chla/chla_20100202.nc,OK,ok
chla,2010-01-26,/Users/ansonchen/Downloads/GitHub/DATect-Forecasting-Domoic-Acid/ocean anomaly detection/data/raw/chla/chla_20100126.nc,OK,ok
chla,2010-02-03,/Users/ansonchen/Downloads/GitHub/DATect-Forecasting-Domoic-Acid/ocean anomaly detection/data/raw/chla/chla_20100203.nc,OK,ok
chla,2010-02-04,/Users/ansonchen/Downloads/GitHub/DATect-Forecasting-Domoic-Acid/ocean anomaly detection/data/raw/chla/chla_20100204.nc,OK,ok
chla,2010-02-05,/Users/ansonchen/Downloads/GitHub/DATect-Forecasting-Domoic-Acid/ocean anomaly detection/data/raw/chla/chla_20100205.nc,OK,ok
chla,2010-02-06,/Users/ansonchen/Downloads/GitHub/DATect-Forecasting-Domoic-Acid/ocean anomaly detection/data/raw/chla/chla_20100206.nc,OK,ok
chla,2010-02-07,/Users/ansonchen/Downloads/GitHub/DATect-Forecasting-Domoic-Acid/ocean anomaly detection/data/raw/chla/chla_20100207.nc,OK,ok
chla,2010-02-08,/Users/ansonchen/Downloads/GitHub/DATect-Forecasting-Domoic-Acid/ocean anomaly detection/data/raw/chla/chla_20100208.nc,OK,ok
chla,2010-02-09,/Users/ansonchen/Downloads/GitHub/DATect-Forecasting-Domoic-Acid/ocean anomaly detection/data/raw/chla/chla_20100209.nc,OK,ok
chla,2010-02-10,/Users/ansonchen/Downloads/GitHub/DATect-Forecasting-Domoic-Acid/ocean anomaly detection/data/raw/chla/chla_20100210.nc,OK,ok
chla,2010-02-11,/Users/ansonchen/Downloads/GitHub/DATect-Forecasting-Domoic-Acid/ocean anomaly detection/data/raw/chla/chla_20100211.nc,OK,ok
chla,2010-02-12,/Users/ansonchen/Downloads/GitHub/DATect-Forecasting-Domoic-Acid/ocean anomaly detection/data/raw/chla/chla_20100212.nc,OK,ok
chla,2010-02-13,/Users/ansonchen/Downloads/GitHub/DATect-Forecasting-Domoic-Acid/ocean anomaly detection/data/raw/chla/chla_20100213.nc,OK,ok
chla,2010-02-14,/Users/ansonchen/Downloads/GitHub/DATect-Forecasting-Domoic-Acid/ocean anomaly detection/data/raw/chla/chla_20100214.nc,OK,ok
chla,2010-02-16,/Users/ansonchen/Downloads/GitHub/DATect-Forecasting-Domoic-Acid/ocean anomaly detection/data/raw/chla/chla_20100216.nc,OK,ok
chla,2010-02-17,/Users/ansonchen/Downloads/GitHub/DATect-Forecasting-Domoic-Acid/ocean anomaly detection/data/raw/chla/chla_20100217.nc,OK,ok
chla,2010-02-18,/Users/ansonchen/Downloads/GitHub/DATect-Forecasting-Domoic-Acid/ocean anomaly detection/data/raw/chla/chla_20100218.nc,OK,ok
chla,2010-02-19,/Users/ansonchen/Downloads/GitHub/DATect-Forecasting-Domoic-Acid/ocean anomaly detection/data/raw/chla/chla_20100219.nc,OK,ok
chla,2010-02-20,/Users/ansonchen/Downloads/GitHub/DATect-Forecasting-Domoic-Acid/ocean anomaly detection/data/raw/chla/chla_20100220.nc,OK,ok
chla,2010-02-22,/Users/ansonchen/Downloads/GitHub/DATect-Forecasting-Domoic-Acid/ocean anomaly detection/data/raw/chla/chla_20100222.nc,OK,ok
chla,2010-02-23,/Users/ansonchen/Downloads/GitHub/DATect-Forecasting-Domoic-Acid/ocean anomaly detection/data/raw/chla/chla_20100223.nc,OK,ok
chla,2010-02-26,/Users/ansonchen/Downloads/GitHub/DATect-Forecasting-Domoic-Acid/ocean anomaly detection/data/raw/chla/chla_20100226.nc,OK,ok
chla,2010-02-15,/Users/ansonchen/Downloads/GitHub/DATect-Forecasting-Domoic-Acid/ocean anomaly detection/data/raw/chla/chla_20100215.nc,OK,ok
chla,2010-02-24,/Users/ansonchen/Downloads/GitHub/DATect-Forecasting-Domoic-Acid/ocean anomaly detection/data/raw/chla/chla_20100224.nc,OK,ok
chla,2010-02-25,/Users/ansonchen/Downloads/GitHub/DATect-Forecasting-Domoic-Acid/ocean anomaly detection/data/raw/chla/chla_20100225.nc,OK,ok
chla,2010-02-27,/Users/ansonchen/Downloads/GitHub/DATect-Forecasting-Domoic-Acid/ocean anomaly detection/data/raw/chla/chla_20100227.nc,OK,ok
chla,2010-02-21,/Users/ansonchen/Downloads/GitHub/DATect-Forecasting-Domoic-Acid/ocean anomaly detection/data/raw/chla/chla_20100221.nc,OK,ok
chla,2010-02-28,/Users/ansonchen/Downloads/GitHub/DATect-Forecasting-Domoic-Acid/ocean anomaly detection/data/raw/chla/chla_20100228.nc,OK,ok
chla,2010-03-03,/Users/ansonchen/Downloads/GitHub/DATect-Forecasting-Domoic-Acid/ocean anomaly detection/data/raw/chla/chla_20100303.nc,OK,ok
chla,2010-03-04,/Users/ansonchen/Downloads/GitHub/DATect-Forecasting-Domoic-Acid/ocean anomaly detection/data/raw/chla/chla_20100304.nc,OK,ok
chla,2010-03-01,/Users/ansonchen/Downloads/GitHub/DATect-Forecasting-Domoic-Acid/ocean anomaly detection/data/raw/chla/chla_20100301.nc,OK,ok
chla,2010-03-05,/Users/ansonchen/Downloads/GitHub/DATect-Forecasting-Domoic-Acid/ocean anomaly detection/data/raw/chla/chla_20100305.nc,OK,ok
chla,2010-03-06,/Users/ansonchen/Downloads/GitHub/DATect-Forecasting-Domoic-Acid/ocean anomaly detection/data/raw/chla/chla_20100306.nc,OK,ok
chla,2010-03-02,/Users/ansonchen/Downloads/GitHub/DATect-Forecasting-Domoic-Acid/ocean anomaly detection/data/raw/chla/chla_20100302.nc,OK,ok
chla,2010-03-07,/Users/ansonchen/Downloads/GitHub/DATect-Forecasting-Domoic-Acid/ocean anomaly detection/data/raw/chla/chla_20100307.nc,OK,ok
chla,2010-03-08,/Users/ansonchen/Downloads/GitHub/DATect-Forecasting-Domoic-Acid/ocean anomaly detection/data/raw/chla/chla_20100308.nc,OK,ok
chla,2010-03-09,/Users/ansonchen/Downloads/GitHub/DATect-Forecasting-Domoic-Acid/ocean anomaly detection/data/raw/chla/chla_20100309.nc,OK,ok
chla,2010-03-10,/Users/ansonchen/Downloads/GitHub/DATect-Forecasting-Domoic-Acid/ocean anomaly detection/data/raw/chla/chla_20100310.nc,OK,ok
chla,2010-03-11,/Users/ansonchen/Downloads/GitHub/DATect-Forecasting-Domoic-Acid/ocean anomaly detection/data/raw/chla/chla_20100311.nc,OK,ok
chla,2010-03-12,/Users/ansonchen/Downloads/GitHub/DATect-Forecasting-Domoic-Acid/ocean anomaly detection/data/raw/chla/chla_20100312.nc,OK,ok
chla,2010-03-13,/Users/ansonchen/Downloads/GitHub/DATect-Forecasting-Domoic-Acid/ocean anomaly detection/data/raw/chla/chla_20100313.nc,OK,ok
chla,2010-03-14,/Users/ansonchen/Downloads/GitHub/DATect-Forecasting-Domoic-Acid/ocean anomaly detection/data/raw/chla/chla_20100314.nc,OK,ok
chla,2010-03-15,/Users/ansonchen/Downloads/GitHub/DATect-Forecasting-Domoic-Acid/ocean anomaly detection/data/raw/chla/chla_20100315.nc,OK,ok
chla,2010-03-16,/Users/ansonchen/Downloads/GitHub/DATect-Forecasting-Domoic-Acid/ocean anomaly detection/data/raw/chla/chla_20100316.nc,OK,ok
chla,2010-03-17,/Users/ansonchen/Downloads/GitHub/DATect-Forecasting-Domoic-Acid/ocean anomaly detection/data/raw/chla/chla_20100317.nc,OK,ok
chla,2010-03-18,/Users/ansonchen/Downloads/GitHub/DATect-Forecasting-Domoic-Acid/ocean anomaly detection/data/raw/chla/chla_20100318.nc,OK,ok
chla,2010-03-19,/Users/ansonchen/Downloads/GitHub/DATect-Forecasting-Domoic-Acid/ocean anomaly detection/data/raw/chla/chla_20100319.nc,OK,ok
chla,2010-03-20,/Users/ansonchen/Downloads/GitHub/DATect-Forecasting-Domoic-Acid/ocean anomaly detection/data/raw/chla/chla_20100320.nc,OK,ok
chla,2010-03-21,/Users/ansonchen/Downloads/GitHub/DATect-Forecasting-Domoic-Acid/ocean anomaly detection/data/raw/chla/chla_20100321.nc,OK,ok
chla,2010-03-22,/Users/ansonchen/Downloads/GitHub/DATect-Forecasting-Domoic-Acid/ocean anomaly detection/data/raw/chla/chla_20100322.nc,OK,ok
chla,2010-03-23,/Users/ansonchen/Downloads/GitHub/DATect-Forecasting-Domoic-Acid/ocean anomaly detection/data/raw/chla/chla_20100323.nc,OK,ok
chla,2010-03-24,/Users/ansonchen/Downloads/GitHub/DATect-Forecasting-Domoic-Acid/ocean anomaly detection/data/raw/chla/chla_20100324.nc,OK,ok
chla,2010-03-25,/Users/ansonchen/Downloads/GitHub/DATect-Forecasting-Domoic-Acid/ocean anomaly detection/data/raw/chla/chla_20100325.nc,OK,ok
chla,2010-03-26,/Users/ansonchen/Downloads/GitHub/DATect-Forecasting-Domoic-Acid/ocean anomaly detection/data/raw/chla/chla_20100326.nc,OK,ok
chla,2010-03-27,/Users/ansonchen/Downloads/GitHub/DATect-Forecasting-Domoic-Acid/ocean anomaly detection/data/raw/chla/chla_20100327.nc,OK,ok
chla,2010-03-28,/Users/ansonchen/Downloads/GitHub/DATect-Forecasting-Domoic-Acid/ocean anomaly detection/data/raw/chla/chla_20100328.nc,OK,ok
chla,2010-03-29,/Users/ansonchen/Downloads/GitHub/DATect-Forecasting-Domoic-Acid/ocean anomaly detection/data/raw/chla/chla_20100329.nc,OK,ok
chla,2010-03-30,/Users/ansonchen/Downloads/GitHub/DATect-Forecasting-Domoic-Acid/ocean anomaly detection/data/raw/chla/chla_20100330.nc,OK,ok
chla,2010-03-31,/Users/ansonchen/Downloads/GitHub/DATect-Forecasting-Domoic-Acid/ocean anomaly detection/data/raw/chla/chla_20100331.nc,OK,ok
chla,2010-04-01,/Users/ansonchen/Downloads/GitHub/DATect-Forecasting-Domoic-Acid/ocean anomaly detection/data/raw/chla/chla_20100401.nc,OK,ok
chla,2010-04-02,/Users/ansonchen/Downloads/GitHub/DATect-Forecasting-Domoic-Acid/ocean anomaly detection/data/raw/chla/chla_20100402.nc,OK,ok
chla,2010-04-03,/Users/ansonchen/Downloads/GitHub/DATect-Forecasting-Domoic-Acid/ocean anomaly detection/data/raw/chla/chla_20100403.nc,OK,ok
chla,2010-04-04,/Users/ansonchen/Downloads/GitHub/DATect-Forecasting-Domoic-Acid/ocean anomaly detection/data/raw/chla/chla_20100404.nc,OK,ok
chla,2010-04-05,/Users/ansonchen/Downloads/GitHub/DATect-Forecasting-Domoic-Acid/ocean anomaly detection/data/raw/chla/chla_20100405.nc,OK,ok
chla,2010-04-06,/Users/ansonchen/Downloads/GitHub/DATect-Forecasting-Domoic-Acid/ocean anomaly detection/data/raw/chla/chla_20100406.nc,OK,ok
chla,2010-04-07,/Users/ansonchen/Downloads/GitHub/DATect-Forecasting-Domoic-Acid/ocean anomaly detection/data/raw/chla/chla_20100407.nc,OK,ok
chla,2010-04-08,/Users/ansonchen/Downloads/GitHub/DATect-Forecasting-Domoic-Acid/ocean anomaly detection/data/raw/chla/chla_20100408.nc,OK,ok
chla,2010-04-09,/Users/ansonchen/Downloads/GitHub/DATect-Forecasting-Domoic-Acid/ocean anomaly detection/data/raw/chla/chla_20100409.nc,OK,ok
chla,2010-04-10,/Users/ansonchen/Downloads/GitHub/DATect-Forecasting-Domoic-Acid/ocean anomaly detection/data/raw/chla/chla_20100410.nc,OK,ok
chla,2010-04-11,/Users/ansonchen/Downloads/GitHub/DATect-Forecasting-Domoic-Acid/ocean anomaly detection/data/raw/chla/chla_20100411.nc,OK,ok
chla,2010-04-12,/Users/ansonchen/Downloads/GitHub/DATect-Forecasting-Domoic-Acid/ocean anomaly detection/data/raw/chla/chla_20100412.nc,OK,ok
chla,2010-04-13,/Users/ansonchen/Downloads/GitHub/DATect-Forecasting-Domoic-Acid/ocean anomaly detection/data/raw/chla/chla_20100413.nc,OK,ok
chla,2010-04-14,/Users/ansonchen/Downloads/GitHub/DATect-Forecasting-Domoic-Acid/ocean anomaly detection/data/raw/chla/chla_20100414.nc,OK,ok
chla,2010-04-16,/Users/ansonchen/Downloads/GitHub/DATect-Forecasting-Domoic-Acid/ocean anomaly detection/data/raw/chla/chla_20100416.nc,OK,ok
chla,2010-04-17,/Users/ansonchen/Downloads/GitHub/DATect-Forecasting-Domoic-Acid/ocean anomaly detection/data/raw/chla/chla_20100417.nc,OK,ok
chla,2010-04-18,/Users/ansonchen/Downloads/GitHub/DATect-Forecasting-Domoic-Acid/ocean anomaly detection/data/raw/chla/chla_20100418.nc,OK,ok
chla,2010-04-19,/Users/ansonchen/Downloads/GitHub/DATect-Forecasting-Domoic-Acid/ocean anomaly detection/data/raw/chla/chla_20100419.nc,OK,ok
chla,2010-04-20,/Users/ansonchen/Downloads/GitHub/DATect-Forecasting-Domoic-Acid/ocean anomaly detection/data/raw/chla/chla_20100420.nc,OK,ok
chla,2010-04-21,/Users/ansonchen/Downloads/GitHub/DATect-Forecasting-Domoic-Acid/ocean anomaly detection/data/raw/chla/chla_20100421.nc,OK,ok
chla,2010-04-22,/Users/ansonchen/Downloads/GitHub/DATect-Forecasting-Domoic-Acid/ocean anomaly detection/data/raw/chla/chla_20100422.nc,OK,ok
chla,2010-04-15,/Users/ansonchen/Downloads/GitHub/DATect-Forecasting-Domoic-Acid/ocean anomaly detection/data/raw/chla/chla_20100415.nc,OK,ok
chla,2010-04-24,/Users/ansonchen/Downloads/GitHub/DATect-Forecasting-Domoic-Acid/ocean anomaly detection/data/raw/chla/chla_20100424.nc,OK,ok
chla,2010-04-23,/Users/ansonchen/Downloads/GitHub/DATect-Forecasting-Domoic-Acid/ocean anomaly detection/data/raw/chla/chla_20100423.nc,OK,ok
chla,2010-04-25,/Users/ansonchen/Downloads/GitHub/DATect-Forecasting-Domoic-Acid/ocean anomaly detection/data/raw/chla/chla_20100425.nc,OK,ok
chla,2010-04-26,/Users/ansonchen/Downloads/GitHub/DATect-Forecasting-Domoic-Acid/ocean anomaly detection/data/raw/chla/chla_20100426.nc,OK,ok
chla,2010-04-27,/Users/ansonchen/Downloads/GitHub/DATect-Forecasting-Domoic-Acid/ocean anomaly detection/data/raw/chla/chla_20100427.nc,OK,ok
chla,2010-04-28,/Users/ansonchen/Downloads/GitHub/DATect-Forecasting-Domoic-Acid/ocean anomaly detection/data/raw/chla/chla_20100428.nc,OK,ok
chla,2010-04-29,/Users/ansonchen/Downloads/GitHub/DATect-Forecasting-Domoic-Acid/ocean anomaly detection/data/raw/chla/chla_20100429.nc,OK,ok
chla,2010-04-30,/Users/ansonchen/Downloads/GitHub/DATect-Forecasting-Domoic-Acid/ocean anomaly detection/data/raw/chla/chla_20100430.nc,OK,ok
chla,2010-05-02,/Users/ansonchen/Downloads/GitHub/DATect-Forecasting-Domoic-Acid/ocean anomaly detection/data/raw/chla/chla_20100502.nc,OK,ok
chla,2010-05-01,/Users/ansonchen/Downloads/GitHub/DATect-Forecasting-Domoic-Acid/ocean anomaly detection/data/raw/chla/chla_20100501.nc,OK,ok
chla,2010-05-03,/Users/ansonchen/Downloads/GitHub/DATect-Forecasting-Domoic-Acid/ocean anomaly detection/data/raw/chla/chla_20100503.nc,OK,ok
chla,2010-05-04,/Users/ansonchen/Downloads/GitHub/DATect-Forecasting-Domoic-Acid/ocean anomaly detection/data/raw/chla/chla_20100504.nc,OK,ok
chla,2010-05-05,/Users/ansonchen/Downloads/GitHub/DATect-Forecasting-Domoic-Acid/ocean anomaly detection/data/raw/chla/chla_20100505.nc,OK,ok
chla,2010-05-06,/Users/ansonchen/Downloads/GitHub/DATect-Forecasting-Domoic-Acid/ocean anomaly detection/data/raw/chla/chla_20100506.nc,OK,ok
chla,2010-05-08,/Users/ansonchen/Downloads/GitHub/DATect-Forecasting-Domoic-Acid/ocean anomaly detection/data/raw/chla/chla_20100508.nc,OK,ok
chla,2010-05-07,/Users/ansonchen/Downloads/GitHub/DATect-Forecasting-Domoic-Acid/ocean anomaly detection/data/raw/chla/chla_20100507.nc,OK,ok
chla,2010-05-09,/Users/ansonchen/Downloads/GitHub/DATect-Forecasting-Domoic-Acid/ocean anomaly detection/data/raw/chla/chla_20100509.nc,OK,ok
chla,2010-05-10,/Users/ansonchen/Downloads/GitHub/DATect-Forecasting-Domoic-Acid/ocean anomaly detection/data/raw/chla/chla_20100510.nc,OK,ok
chla,2010-05-11,/Users/ansonchen/Downloads/GitHub/DATect-Forecasting-Domoic-Acid/ocean anomaly detection/data/raw/chla/chla_20100511.nc,OK,ok
chla,2010-05-12,/Users/ansonchen/Downloads/GitHub/DATect-Forecasting-Domoic-Acid/ocean anomaly detection/data/raw/chla/chla_20100512.nc,OK,ok
chla,2010-05-13,/Users/ansonchen/Downloads/GitHub/DATect-Forecasting-Domoic-Acid/ocean anomaly detection/data/raw/chla/chla_20100513.nc,OK,ok
chla,2010-05-14,/Users/ansonchen/Downloads/GitHub/DATect-Forecasting-Domoic-Acid/ocean anomaly detection/data/raw/chla/chla_20100514.nc,OK,ok
chla,2010-05-15,/Users/ansonchen/Downloads/GitHub/DATect-Forecasting-Domoic-Acid/ocean anomaly detection/data/raw/chla/chla_20100515.nc,OK,ok
chla,2010-05-16,/Users/ansonchen/Downloads/GitHub/DATect-Forecasting-Domoic-Acid/ocean anomaly detection/data/raw/chla/chla_20100516.nc,OK,ok
chla,2010-05-17,/Users/ansonchen/Downloads/GitHub/DATect-Forecasting-Domoic-Acid/ocean anomaly detection/data/raw/chla/chla_20100517.nc,OK,ok
chla,2010-05-18,/Users/ansonchen/Downloads/GitHub/DATect-Forecasting-Domoic-Acid/ocean anomaly detection/data/raw/chla/chla_20100518.nc,OK,ok
chla,2010-05-19,/Users/ansonchen/Downloads/GitHub/DATect-Forecasting-Domoic-Acid/ocean anomaly detection/data/raw/chla/chla_20100519.nc,OK,ok
chla,2010-05-20,/Users/ansonchen/Downloads/GitHub/DATect-Forecasting-Domoic-Acid/ocean anomaly detection/data/raw/chla/chla_20100520.nc,OK,ok
chla,2010-05-21,/Users/ansonchen/Downloads/GitHub/DATect-Forecasting-Domoic-Acid/ocean anomaly detection/data/raw/chla/chla_20100521.nc,OK,ok
chla,2010-05-22,/Users/ansonchen/Downloads/GitHub/DATect-Forecasting-Domoic-Acid/ocean anomaly detection/data/raw/chla/chla_20100522.nc,OK,ok
chla,2010-05-23,/Users/ansonchen/Downloads/GitHub/DATect-Forecasting-Domoic-Acid/ocean anomaly detection/data/raw/chla/chla_20100523.nc,OK,ok
chla,2010-05-24,/Users/ansonchen/Downloads/GitHub/DATect-Forecasting-Domoic-Acid/ocean anomaly detection/data/raw/chla/chla_20100524.nc,OK,ok
chla,2010-05-25,/Users/ansonchen/Downloads/GitHub/DATect-Forecasting-Domoic-Acid/ocean anomaly detection/data/raw/chla/chla_20100525.nc,OK,ok
chla,2010-05-26,/Users/ansonchen/Downloads/GitHub/DATect-Forecasting-Domoic-Acid/ocean anomaly detection/data/raw/chla/chla_20100526.nc,OK,ok
chla,2010-05-27,/Users/ansonchen/Downloads/GitHub/DATect-Forecasting-Domoic-Acid/ocean anomaly detection/data/raw/chla/chla_20100527.nc,OK,ok
chla,2010-05-28,/Users/ansonchen/Downloads/GitHub/DATect-Forecasting-Domoic-Acid/ocean anomaly detection/data/raw/chla/chla_20100528.nc,OK,ok
chla,2010-05-30,/Users/ansonchen/Downloads/GitHub/DATect-Forecasting-Domoic-Acid/ocean anomaly detection/data/raw/chla/chla_20100530.nc,OK,ok
chla,2010-05-29,/Users/ansonchen/Downloads/GitHub/DATect-Forecasting-Domoic-Acid/ocean anomaly detection/data/raw/chla/chla_20100529.nc,OK,ok
chla,2010-05-31,/Users/ansonchen/Downloads/GitHub/DATect-Forecasting-Domoic-Acid/ocean anomaly detection/data/raw/chla/chla_20100531.nc,OK,ok
chla,2010-06-01,/Users/ansonchen/Downloads/GitHub/DATect-Forecasting-Domoic-Acid/ocean anomaly detection/data/raw/chla/chla_20100601.nc,OK,ok
chla,2010-06-02,/Users/ansonchen/Downloads/GitHub/DATect-Forecasting-Domoic-Acid/ocean anomaly detection/data/raw/chla/chla_20100602.nc,OK,ok
chla,2010-06-03,/Users/ansonchen/Downloads/GitHub/DATect-Forecasting-Domoic-Acid/ocean anomaly detection/data/raw/chla/chla_20100603.nc,OK,ok
chla,2010-06-04,/Users/ansonchen/Downloads/GitHub/DATect-Forecasting-Domoic-Acid/ocean anomaly detection/data/raw/chla/chla_20100604.nc,OK,ok
chla,2010-06-05,/Users/ansonchen/Downloads/GitHub/DATect-Forecasting-Domoic-Acid/ocean anomaly detection/data/raw/chla/chla_20100605.nc,OK,ok
chla,2010-06-06,/Users/ansonchen/Downloads/GitHub/DATect-Forecasting-Domoic-Acid/ocean anomaly detection/data/raw/chla/chla_20100606.nc,OK,ok
chla,2010-06-07,/Users/ansonchen/Downloads/GitHub/DATect-Forecasting-Domoic-Acid/ocean anomaly detection/data/raw/chla/chla_20100607.nc,OK,ok
chla,2010-06-09,/Users/ansonchen/Downloads/GitHub/DATect-Forecasting-Domoic-Acid/ocean anomaly detection/data/raw/chla/chla_20100609.nc,OK,ok
chla,2010-06-08,/Users/ansonchen/Downloads/GitHub/DATect-Forecasting-Domoic-Acid/ocean anomaly detection/data/raw/chla/chla_20100608.nc,OK,ok
chla,2010-06-11,/Users/ansonchen/Downloads/GitHub/DATect-Forecasting-Domoic-Acid/ocean anomaly detection/data/raw/chla/chla_20100611.nc,OK,ok
chla,2010-06-10,/Users/ansonchen/Downloads/GitHub/DATect-Forecasting-Domoic-Acid/ocean anomaly detection/data/raw/chla/chla_20100610.nc,OK,ok
chla,2010-06-12,/Users/ansonchen/Downloads/GitHub/DATect-Forecasting-Domoic-Acid/ocean anomaly detection/data/raw/chla/chla_20100612.nc,OK,ok
chla,2010-06-13,/Users/ansonchen/Downloads/GitHub/DATect-Forecasting-Domoic-Acid/ocean anomaly detection/data/raw/chla/chla_20100613.nc,OK,ok
chla,2010-06-14,/Users/ansonchen/Downloads/GitHub/DATect-Forecasting-Domoic-Acid/ocean anomaly detection/data/raw/chla/chla_20100614.nc,OK,ok
chla,2010-06-15,/Users/ansonchen/Downloads/GitHub/DATect-Forecasting-Domoic-Acid/ocean anomaly detection/data/raw/chla/chla_20100615.nc,OK,ok
chla,2010-06-16,/Users/ansonchen/Downloads/GitHub/DATect-Forecasting-Domoic-Acid/ocean anomaly detection/data/raw/chla/chla_20100616.nc,OK,ok
chla,2010-06-17,/Users/ansonchen/Downloads/GitHub/DATect-Forecasting-Domoic-Acid/ocean anomaly detection/data/raw/chla/chla_20100617.nc,OK,ok
chla,2010-06-18,/Users/ansonchen/Downloads/GitHub/DATect-Forecasting-Domoic-Acid/ocean anomaly detection/data/raw/chla/chla_20100618.nc,OK,ok
chla,2010-06-19,/Users/ansonchen/Downloads/GitHub/DATect-Forecasting-Domoic-Acid/ocean anomaly detection/data/raw/chla/chla_20100619.nc,OK,ok
chla,2010-06-20,/Users/ansonchen/Downloads/GitHub/DATect-Forecasting-Domoic-Acid/ocean anomaly detection/data/raw/chla/chla_20100620.nc,OK,ok
chla,2010-06-21,/Users/ansonchen/Downloads/GitHub/DATect-Forecasting-Domoic-Acid/ocean anomaly detection/data/raw/chla/chla_20100621.nc,OK,ok
chla,2010-06-22,/Users/ansonchen/Downloads/GitHub/DATect-Forecasting-Domoic-Acid/ocean anomaly detection/data/raw/chla/chla_20100622.nc,OK,ok
chla,2010-06-23,/Users/ansonchen/Downloads/GitHub/DATect-Forecasting-Domoic-Acid/ocean anomaly detection/data/raw/chla/chla_20100623.nc,OK,ok
chla,2010-06-25,/Users/ansonchen/Downloads/GitHub/DATect-Forecasting-Domoic-Acid/ocean anomaly detection/data/raw/chla/chla_20100625.nc,OK,ok
chla,2010-06-24,/Users/ansonchen/Downloads/GitHub/DATect-Forecasting-Domoic-Acid/ocean anomaly detection/data/raw/chla/chla_20100624.nc,OK,ok
chla,2010-06-26,/Users/ansonchen/Downloads/GitHub/DATect-Forecasting-Domoic-Acid/ocean anomaly detection/data/raw/chla/chla_20100626.nc,OK,ok
chla,2010-06-27,/Users/ansonchen/Downloads/GitHub/DATect-Forecasting-Domoic-Acid/ocean anomaly detection/data/raw/chla/chla_20100627.nc,OK,ok
chla,2010-06-28,/Users/ansonchen/Downloads/GitHub/DATect-Forecasting-Domoic-Acid/ocean anomaly detection/data/raw/chla/chla_20100628.nc,OK,ok
chla,2010-06-29,/Users/ansonchen/Downloads/GitHub/DATect-Forecasting-Domoic-Acid/ocean anomaly detection/data/raw/chla/chla_20100629.nc,OK,ok
chla,2010-06-30,/Users/ansonchen/Downloads/GitHub/DATect-Forecasting-Domoic-Acid/ocean anomaly detection/data/raw/chla/chla_20100630.nc,OK,ok
chla,2010-07-01,/Users/ansonchen/Downloads/GitHub/DATect-Forecasting-Domoic-Acid/ocean anomaly detection/data/raw/chla/chla_20100701.nc,OK,ok
chla,2010-07-03,/Users/ansonchen/Downloads/GitHub/DATect-Forecasting-Domoic-Acid/ocean anomaly detection/data/raw/chla/chla_20100703.nc,OK,ok
chla,2010-07-02,/Users/ansonchen/Downloads/GitHub/DATect-Forecasting-Domoic-Acid/ocean anomaly detection/data/raw/chla/chla_20100702.nc,OK,ok
chla,2010-07-05,/Users/ansonchen/Downloads/GitHub/DATect-Forecasting-Domoic-Acid/ocean anomaly detection/data/raw/chla/chla_20100705.nc,OK,ok
chla,2010-07-04,/Users/ansonchen/Downloads/GitHub/DATect-Forecasting-Domoic-Acid/ocean anomaly detection/data/raw/chla/chla_20100704.nc,OK,ok
chla,2010-07-07,/Users/ansonchen/Downloads/GitHub/DATect-Forecasting-Domoic-Acid/ocean anomaly detection/data/raw/chla/chla_20100707.nc,OK,ok
chla,2010-07-06,/Users/ansonchen/Downloads/GitHub/DATect-Forecasting-Domoic-Acid/ocean anomaly detection/data/raw/chla/chla_20100706.nc,OK,ok
chla,2010-07-08,/Users/ansonchen/Downloads/GitHub/DATect-Forecasting-Domoic-Acid/ocean anomaly detection/data/raw/chla/chla_20100708.nc,OK,ok
chla,2010-07-09,/Users/ansonchen/Downloads/GitHub/DATect-Forecasting-Domoic-Acid/ocean anomaly detection/data/raw/chla/chla_20100709.nc,OK,ok
chla,2010-07-10,/Users/ansonchen/Downloads/GitHub/DATect-Forecasting-Domoic-Acid/ocean anomaly detection/data/raw/chla/chla_20100710.nc,OK,ok
chla,2010-07-11,/Users/ansonchen/Downloads/GitHub/DATect-Forecasting-Domoic-Acid/ocean anomaly detection/data/raw/chla/chla_20100711.nc,OK,ok
chla,2010-07-12,/Users/ansonchen/Downloads/GitHub/DATect-Forecasting-Domoic-Acid/ocean anomaly detection/data/raw/chla/chla_20100712.nc,OK,ok
chla,2010-07-13,/Users/ansonchen/Downloads/GitHub/DATect-Forecasting-Domoic-Acid/ocean anomaly detection/data/raw/chla/chla_20100713.nc,OK,ok
chla,2010-07-14,/Users/ansonchen/Downloads/GitHub/DATect-Forecasting-Domoic-Acid/ocean anomaly detection/data/raw/chla/chla_20100714.nc,OK,ok
chla,2010-07-15,/Users/ansonchen/Downloads/GitHub/DATect-Forecasting-Domoic-Acid/ocean anomaly detection/data/raw/chla/chla_20100715.nc,OK,ok
chla,2010-07-16,/Users/ansonchen/Downloads/GitHub/DATect-Forecasting-Domoic-Acid/ocean anomaly detection/data/raw/chla/chla_20100716.nc,OK,ok
chla,2010-07-17,/Users/ansonchen/Downloads/GitHub/DATect-Forecasting-Domoic-Acid/ocean anomaly detection/data/raw/chla/chla_20100717.nc,OK,ok
chla,2010-07-19,/Users/ansonchen/Downloads/GitHub/DATect-Forecasting-Domoic-Acid/ocean anomaly detection/data/raw/chla/chla_20100719.nc,OK,ok
chla,2010-07-18,/Users/ansonchen/Downloads/GitHub/DATect-Forecasting-Domoic-Acid/ocean anomaly detection/data/raw/chla/chla_20100718.nc,OK,ok
chla,2010-07-20,/Users/ansonchen/Downloads/GitHub/DATect-Forecasting-Domoic-Acid/ocean anomaly detection/data/raw/chla/chla_20100720.nc,OK,ok
chla,2010-07-21,/Users/ansonchen/Downloads/GitHub/DATect-Forecasting-Domoic-Acid/ocean anomaly detection/data/raw/chla/chla_20100721.nc,OK,ok
chla,2010-07-22,/Users/ansonchen/Downloads/GitHub/DATect-Forecasting-Domoic-Acid/ocean anomaly detection/data/raw/chla/chla_20100722.nc,OK,ok
chla,2010-07-23,/Users/ansonchen/Downloads/GitHub/DATect-Forecasting-Domoic-Acid/ocean anomaly detection/data/raw/chla/chla_20100723.nc,OK,ok
chla,2010-07-24,/Users/ansonchen/Downloads/GitHub/DATect-Forecasting-Domoic-Acid/ocean anomaly detection/data/raw/chla/chla_20100724.nc,OK,ok
chla,2010-07-25,/Users/ansonchen/Downloads/GitHub/DATect-Forecasting-Domoic-Acid/ocean anomaly detection/data/raw/chla/chla_20100725.nc,OK,ok
chla,2010-07-27,/Users/ansonchen/Downloads/GitHub/DATect-Forecasting-Domoic-Acid/ocean anomaly detection/data/raw/chla/chla_20100727.nc,OK,ok
chla,2010-07-26,/Users/ansonchen/Downloads/GitHub/DATect-Forecasting-Domoic-Acid/ocean anomaly detection/data/raw/chla/chla_20100726.nc,OK,ok
chla,2010-07-29,/Users/ansonchen/Downloads/GitHub/DATect-Forecasting-Domoic-Acid/ocean anomaly detection/data/raw/chla/chla_20100729.nc,OK,ok
chla,2010-07-28,/Users/ansonchen/Downloads/GitHub/DATect-Forecasting-Domoic-Acid/ocean anomaly detection/data/raw/chla/chla_20100728.nc,OK,ok
chla,2010-07-30,/Users/ansonchen/Downloads/GitHub/DATect-Forecasting-Domoic-Acid/ocean anomaly detection/data/raw/chla/chla_20100730.nc,OK,ok
chla,2010-07-31,/Users/ansonchen/Downloads/GitHub/DATect-Forecasting-Domoic-Acid/ocean anomaly detection/data/raw/chla/chla_20100731.nc,OK,ok
chla,2010-08-02,/Users/ansonchen/Downloads/GitHub/DATect-Forecasting-Domoic-Acid/ocean anomaly detection/data/raw/chla/chla_20100802.nc,OK,ok
chla,2010-08-01,/Users/ansonchen/Downloads/GitHub/DATect-Forecasting-Domoic-Acid/ocean anomaly detection/data/raw/chla/chla_20100801.nc,OK,ok
chla,2010-08-04,/Users/ansonchen/Downloads/GitHub/DATect-Forecasting-Domoic-Acid/ocean anomaly detection/data/raw/chla/chla_20100804.nc,OK,ok
chla,2010-08-03,/Users/ansonchen/Downloads/GitHub/DATect-Forecasting-Domoic-Acid/ocean anomaly detection/data/raw/chla/chla_20100803.nc,OK,ok
chla,2010-08-06,/Users/ansonchen/Downloads/GitHub/DATect-Forecasting-Domoic-Acid/ocean anomaly detection/data/raw/chla/chla_20100806.nc,OK,ok
chla,2010-08-05,/Users/ansonchen/Downloads/GitHub/DATect-Forecasting-Domoic-Acid/ocean anomaly detection/data/raw/chla/chla_20100805.nc,OK,ok
chla,2010-08-07,/Users/ansonchen/Downloads/GitHub/DATect-Forecasting-Domoic-Acid/ocean anomaly detection/data/raw/chla/chla_20100807.nc,OK,ok
chla,2010-08-08,/Users/ansonchen/Downloads/GitHub/DATect-Forecasting-Domoic-Acid/ocean anomaly detection/data/raw/chla/chla_20100808.nc,OK,ok
chla,2010-08-11,/Users/ansonchen/Downloads/GitHub/DATect-Forecasting-Domoic-Acid/ocean anomaly detection/data/raw/chla/chla_20100811.nc,OK,ok
chla,2010-08-10,/Users/ansonchen/Downloads/GitHub/DATect-Forecasting-Domoic-Acid/ocean anomaly detection/data/raw/chla/chla_20100810.nc,OK,ok
chla,2010-08-12,/Users/ansonchen/Downloads/GitHub/DATect-Forecasting-Domoic-Acid/ocean anomaly detection/data/raw/chla/chla_20100812.nc,OK,ok
chla,2010-08-13,/Users/ansonchen/Downloads/GitHub/DATect-Forecasting-Domoic-Acid/ocean anomaly detection/data/raw/chla/chla_20100813.nc,OK,ok
chla,2010-08-14,/Users/ansonchen/Downloads/GitHub/DATect-Forecasting-Domoic-Acid/ocean anomaly detection/data/raw/chla/chla_20100814.nc,OK,ok
chla,2010-08-15,/Users/ansonchen/Downloads/GitHub/DATect-Forecasting-Domoic-Acid/ocean anomaly detection/data/raw/chla/chla_20100815.nc,OK,ok
chla,2010-08-16,/Users/ansonchen/Downloads/GitHub/DATect-Forecasting-Domoic-Acid/ocean anomaly detection/data/raw/chla/chla_20100816.nc,OK,ok
chla,2010-08-09,/Users/ansonchen/Downloads/GitHub/DATect-Forecasting-Domoic-Acid/ocean anomaly detection/data/raw/chla/chla_20100809.nc,OK,ok
chla,2010-08-17,/Users/ansonchen/Downloads/GitHub/DATect-Forecasting-Domoic-Acid/ocean anomaly detection/data/raw/chla/chla_20100817.nc,OK,ok
chla,2010-08-18,/Users/ansonchen/Downloads/GitHub/DATect-Forecasting-Domoic-Acid/ocean anomaly detection/data/raw/chla/chla_20100818.nc,OK,ok
chla,2010-08-19,/Users/ansonchen/Downloads/GitHub/DATect-Forecasting-Domoic-Acid/ocean anomaly detection/data/raw/chla/chla_20100819.nc,OK,ok
chla,2010-08-20,/Users/ansonchen/Downloads/GitHub/DATect-Forecasting-Domoic-Acid/ocean anomaly detection/data/raw/chla/chla_20100820.nc,OK,ok
chla,2010-08-21,/Users/ansonchen/Downloads/GitHub/DATect-Forecasting-Domoic-Acid/ocean anomaly detection/data/raw/chla/chla_20100821.nc,OK,ok
chla,2010-08-22,/Users/ansonchen/Downloads/GitHub/DATect-Forecasting-Domoic-Acid/ocean anomaly detection/data/raw/chla/chla_20100822.nc,OK,ok
chla,2010-08-23,/Users/ansonchen/Downloads/GitHub/DATect-Forecasting-Domoic-Acid/ocean anomaly detection/data/raw/chla/chla_20100823.nc,OK,ok
chla,2010-08-24,/Users/ansonchen/Downloads/GitHub/DATect-Forecasting-Domoic-Acid/ocean anomaly detection/data/raw/chla/chla_20100824.nc,OK,ok
chla,2010-08-25,/Users/ansonchen/Downloads/GitHub/DATect-Forecasting-Domoic-Acid/ocean anomaly detection/data/raw/chla/chla_20100825.nc,OK,ok
chla,2010-08-26,/Users/ansonchen/Downloads/GitHub/DATect-Forecasting-Domoic-Acid/ocean anomaly detection/data/raw/chla/chla_20100826.nc,OK,ok
chla,2010-08-27,/Users/ansonchen/Downloads/GitHub/DATect-Forecasting-Domoic-Acid/ocean anomaly detection/data/raw/chla/chla_20100827.nc,OK,ok
chla,2010-08-28,/Users/ansonchen/Downloads/GitHub/DATect-Forecasting-Domoic-Acid/ocean anomaly detection/data/raw/chla/chla_20100828.nc,OK,ok
chla,2010-08-29,/Users/ansonchen/Downloads/GitHub/DATect-Forecasting-Domoic-Acid/ocean anomaly detection/data/raw/chla/chla_20100829.nc,OK,ok
chla,2010-08-30,/Users/ansonchen/Downloads/GitHub/DATect-Forecasting-Domoic-Acid/ocean anomaly detection/data/raw/chla/chla_20100830.nc,OK,ok
chla,2010-08-31,/Users/ansonchen/Downloads/GitHub/DATect-Forecasting-Domoic-Acid/ocean anomaly detection/data/raw/chla/chla_20100831.nc,OK,ok
chla,2010-09-01,/Users/ansonchen/Downloads/GitHub/DATect-Forecasting-Domoic-Acid/ocean anomaly detection/data/raw/chla/chla_20100901.nc,OK,ok
chla,2010-09-02,/Users/ansonchen/Downloads/GitHub/DATect-Forecasting-Domoic-Acid/ocean anomaly detection/data/raw/chla/chla_20100902.nc,OK,ok
chla,2010-09-03,/Users/ansonchen/Downloads/GitHub/DATect-Forecasting-Domoic-Acid/ocean anomaly detection/data/raw/chla/chla_20100903.nc,OK,ok
chla,2010-09-04,/Users/ansonchen/Downloads/GitHub/DATect-Forecasting-Domoic-Acid/ocean anomaly detection/data/raw/chla/chla_20100904.nc,OK,ok
chla,2010-09-05,/Users/ansonchen/Downloads/GitHub/DATect-Forecasting-Domoic-Acid/ocean anomaly detection/data/raw/chla/chla_20100905.nc,OK,ok
chla,2010-09-06,/Users/ansonchen/Downloads/GitHub/DATect-Forecasting-Domoic-Acid/ocean anomaly detection/data/raw/chla/chla_20100906.nc,OK,ok
chla,2010-09-07,/Users/ansonchen/Downloads/GitHub/DATect-Forecasting-Domoic-Acid/ocean anomaly detection/data/raw/chla/chla_20100907.nc,OK,ok
chla,2010-09-08,/Users/ansonchen/Downloads/GitHub/DATect-Forecasting-Domoic-Acid/ocean anomaly detection/data/raw/chla/chla_20100908.nc,OK,ok
chla,2010-09-09,/Users/ansonchen/Downloads/GitHub/DATect-Forecasting-Domoic-Acid/ocean anomaly detection/data/raw/chla/chla_20100909.nc,OK,ok
chla,2010-09-10,/Users/ansonchen/Downloads/GitHub/DATect-Forecasting-Domoic-Acid/ocean anomaly detection/data/raw/chla/chla_20100910.nc,OK,ok
chla,2010-09-11,/Users/ansonchen/Downloads/GitHub/DATect-Forecasting-Domoic-Acid/ocean anomaly detection/data/raw/chla/chla_20100911.nc,OK,ok
chla,2010-09-12,/Users/ansonchen/Downloads/GitHub/DATect-Forecasting-Domoic-Acid/ocean anomaly detection/data/raw/chla/chla_20100912.nc,OK,ok
chla,2010-09-13,/Users/ansonchen/Downloads/GitHub/DATect-Forecasting-Domoic-Acid/ocean anomaly detection/data/raw/chla/chla_20100913.nc,OK,ok
chla,2010-09-14,/Users/ansonchen/Downloads/GitHub/DATect-Forecasting-Domoic-Acid/ocean anomaly detection/data/raw/chla/chla_20100914.nc,OK,ok
chla,2010-09-15,/Users/ansonchen/Downloads/GitHub/DATect-Forecasting-Domoic-Acid/ocean anomaly detection/data/raw/chla/chla_20100915.nc,OK,ok
chla,2010-09-16,/Users/ansonchen/Downloads/GitHub/DATect-Forecasting-Domoic-Acid/ocean anomaly detection/data/raw/chla/chla_20100916.nc,OK,ok
chla,2010-09-17,/Users/ansonchen/Downloads/GitHub/DATect-Forecasting-Domoic-Acid/ocean anomaly detection/data/raw/chla/chla_20100917.nc,OK,ok
chla,2010-09-18,/Users/ansonchen/Downloads/GitHub/DATect-Forecasting-Domoic-Acid/ocean anomaly detection/data/raw/chla/chla_20100918.nc,OK,ok
chla,2010-09-19,/Users/ansonchen/Downloads/GitHub/DATect-Forecasting-Domoic-Acid/ocean anomaly detection/data/raw/chla/chla_20100919.nc,OK,ok
chla,2010-09-20,/Users/ansonchen/Downloads/GitHub/DATect-Forecasting-Domoic-Acid/ocean anomaly detection/data/raw/chla/chla_20100920.nc,OK,ok
chla,2010-09-21,/Users/ansonchen/Downloads/GitHub/DATect-Forecasting-Domoic-Acid/ocean anomaly detection/data/raw/chla/chla_20100921.nc,OK,ok
chla,2010-09-22,/Users/ansonchen/Downloads/GitHub/DATect-Forecasting-Domoic-Acid/ocean anomaly detection/data/raw/chla/chla_20100922.nc,OK,ok
chla,2010-09-23,/Users/ansonchen/Downloads/GitHub/DATect-Forecasting-Domoic-Acid/ocean anomaly detection/data/raw/chla/chla_20100923.nc,OK,ok
chla,2010-09-24,/Users/ansonchen/Downloads/GitHub/DATect-Forecasting-Domoic-Acid/ocean anomaly detection/data/raw/chla/chla_20100924.nc,OK,ok
chla,2010-09-25,/Users/ansonchen/Downloads/GitHub/DATect-Forecasting-Domoic-Acid/ocean anomaly detection/data/raw/chla/chla_20100925.nc,OK,ok
chla,2010-09-26,/Users/ansonchen/Downloads/GitHub/DATect-Forecasting-Domoic-Acid/ocean anomaly detection/data/raw/chla/chla_20100926.nc,OK,ok
chla,2010-09-27,/Users/ansonchen/Downloads/GitHub/DATect-Forecasting-Domoic-Acid/ocean anomaly detection/data/raw/chla/chla_20100927.nc,OK,ok
chla,2010-09-28,/Users/ansonchen/Downloads/GitHub/DATect-Forecasting-Domoic-Acid/ocean anomaly detection/data/raw/chla/chla_20100928.nc,OK,ok
chla,2010-09-29,/Users/ansonchen/Downloads/GitHub/DATect-Forecasting-Domoic-Acid/ocean anomaly detection/data/raw/chla/chla_20100929.nc,OK,ok
chla,2010-09-30,/Users/ansonchen/Downloads/GitHub/DATect-Forecasting-Domoic-Acid/ocean anomaly detection/data/raw/chla/chla_20100930.nc,OK,ok
chla,2010-10-02,/Users/ansonchen/Downloads/GitHub/DATect-Forecasting-Domoic-Acid/ocean anomaly detection/data/raw/chla/chla_20101002.nc,OK,ok
chla,2010-10-01,/Users/ansonchen/Downloads/GitHub/DATect-Forecasting-Domoic-Acid/ocean anomaly detection/data/raw/chla/chla_20101001.nc,OK,ok
chla,2010-10-03,/Users/ansonchen/Downloads/GitHub/DATect-Forecasting-Domoic-Acid/ocean anomaly detection/data/raw/chla/chla_20101003.nc,OK,ok
chla,2010-10-04,/Users/ansonchen/Downloads/GitHub/DATect-Forecasting-Domoic-Acid/ocean anomaly detection/data/raw/chla/chla_20101004.nc,OK,ok
chla,2010-10-05,/Users/ansonchen/Downloads/GitHub/DATect-Forecasting-Domoic-Acid/ocean anomaly detection/data/raw/chla/chla_20101005.nc,OK,ok
chla,2010-10-06,/Users/ansonchen/Downloads/GitHub/DATect-Forecasting-Domoic-Acid/ocean anomaly detection/data/raw/chla/chla_20101006.nc,OK,ok
chla,2010-10-07,/Users/ansonchen/Downloads/GitHub/DATect-Forecasting-Domoic-Acid/ocean anomaly detection/data/raw/chla/chla_20101007.nc,OK,ok
chla,2010-10-08,/Users/ansonchen/Downloads/GitHub/DATect-Forecasting-Domoic-Acid/ocean anomaly detection/data/raw/chla/chla_20101008.nc,OK,ok
chla,2010-10-09,/Users/ansonchen/Downloads/GitHub/DATect-Forecasting-Domoic-Acid/ocean anomaly detection/data/raw/chla/chla_20101009.nc,OK,ok
chla,2010-10-10,/Users/ansonchen/Downloads/GitHub/DATect-Forecasting-Domoic-Acid/ocean anomaly detection/data/raw/chla/chla_20101010.nc,OK,ok
chla,2010-10-12,/Users/ansonchen/Downloads/GitHub/DATect-Forecasting-Domoic-Acid/ocean anomaly detection/data/raw/chla/chla_20101012.nc,OK,ok
chla,2010-10-11,/Users/ansonchen/Downloads/GitHub/DATect-Forecasting-Domoic-Acid/ocean anomaly detection/data/raw/chla/chla_20101011.nc,OK,ok
chla,2010-10-13,/Users/ansonchen/Downloads/GitHub/DATect-Forecasting-Domoic-Acid/ocean anomaly detection/data/raw/chla/chla_20101013.nc,OK,ok
chla,2010-10-14,/Users/ansonchen/Downloads/GitHub/DATect-Forecasting-Domoic-Acid/ocean anomaly detection/data/raw/chla/chla_20101014.nc,OK,ok
chla,2010-10-15,/Users/ansonchen/Downloads/GitHub/DATect-Forecasting-Domoic-Acid/ocean anomaly detection/data/raw/chla/chla_20101015.nc,OK,ok
chla,2010-10-16,/Users/ansonchen/Downloads/GitHub/DATect-Forecasting-Domoic-Acid/ocean anomaly detection/data/raw/chla/chla_20101016.nc,OK,ok
chla,2010-10-18,/Users/ansonchen/Downloads/GitHub/DATect-Forecasting-Domoic-Acid/ocean anomaly detection/data/raw/chla/chla_20101018.nc,OK,ok
chla,2010-10-17,/Users/ansonchen/Downloads/GitHub/DATect-Forecasting-Domoic-Acid/ocean anomaly detection/data/raw/chla/chla_20101017.nc,OK,ok
chla,2010-10-19,/Users/ansonchen/Downloads/GitHub/DATect-Forecasting-Domoic-Acid/ocean anomaly detection/data/raw/chla/chla_20101019.nc,OK,ok
chla,2010-10-20,/Users/ansonchen/Downloads/GitHub/DATect-Forecasting-Domoic-Acid/ocean anomaly detection/data/raw/chla/chla_20101020.nc,OK,ok
chla,2010-10-21,/Users/ansonchen/Downloads/GitHub/DATect-Forecasting-Domoic-Acid/ocean anomaly detection/data/raw/chla/chla_20101021.nc,OK,ok
chla,2010-10-22,/Users/ansonchen/Downloads/GitHub/DATect-Forecasting-Domoic-Acid/ocean anomaly detection/data/raw/chla/chla_20101022.nc,OK,ok
chla,2010-10-23,/Users/ansonchen/Downloads/GitHub/DATect-Forecasting-Domoic-Acid/ocean anomaly detection/data/raw/chla/chla_20101023.nc,OK,ok
chla,2010-10-24,/Users/ansonchen/Downloads/GitHub/DATect-Forecasting-Domoic-Acid/ocean anomaly detection/data/raw/chla/chla_20101024.nc,OK,ok
chla,2010-10-26,/Users/ansonchen/Downloads/GitHub/DATect-Forecasting-Domoic-Acid/ocean anomaly detection/data/raw/chla/chla_20101026.nc,OK,ok
chla,2010-10-25,/Users/ansonchen/Downloads/GitHub/DATect-Forecasting-Domoic-Acid/ocean anomaly detection/data/raw/chla/chla_20101025.nc,OK,ok
chla,2010-10-28,/Users/ansonchen/Downloads/GitHub/DATect-Forecasting-Domoic-Acid/ocean anomaly detection/data/raw/chla/chla_20101028.nc,OK,ok
chla,2010-10-27,/Users/ansonchen/Downloads/GitHub/DATect-Forecasting-Domoic-Acid/ocean anomaly detection/data/raw/chla/chla_20101027.nc,OK,ok
chla,2010-10-29,/Users/ansonchen/Downloads/GitHub/DATect-Forecasting-Domoic-Acid/ocean anomaly detection/data/raw/chla/chla_20101029.nc,OK,ok
chla,2010-10-30,/Users/ansonchen/Downloads/GitHub/DATect-Forecasting-Domoic-Acid/ocean anomaly detection/data/raw/chla/chla_20101030.nc,OK,ok
chla,2010-11-01,/Users/ansonchen/Downloads/GitHub/DATect-Forecasting-Domoic-Acid/ocean anomaly detection/data/raw/chla/chla_20101101.nc,OK,ok
chla,2010-10-31,/Users/ansonchen/Downloads/GitHub/DATect-Forecasting-Domoic-Acid/ocean anomaly detection/data/raw/chla/chla_20101031.nc,OK,ok
chla,2010-11-03,/Users/ansonchen/Downloads/GitHub/DATect-Forecasting-Domoic-Acid/ocean anomaly detection/data/raw/chla/chla_20101103.nc,OK,ok
chla,2010-11-02,/Users/ansonchen/Downloads/GitHub/DATect-Forecasting-Domoic-Acid/ocean anomaly detection/data/raw/chla/chla_20101102.nc,OK,ok
chla,2010-11-04,/Users/ansonchen/Downloads/GitHub/DATect-Forecasting-Domoic-Acid/ocean anomaly detection/data/raw/chla/chla_20101104.nc,OK,ok
chla,2010-11-05,/Users/ansonchen/Downloads/GitHub/DATect-Forecasting-Domoic-Acid/ocean anomaly detection/data/raw/chla/chla_20101105.nc,OK,ok
chla,2010-11-06,/Users/ansonchen/Downloads/GitHub/DATect-Forecasting-Domoic-Acid/ocean anomaly detection/data/raw/chla/chla_20101106.nc,OK,ok
chla,2010-11-07,/Users/ansonchen/Downloads/GitHub/DATect-Forecasting-Domoic-Acid/ocean anomaly detection/data/raw/chla/chla_20101107.nc,OK,ok
chla,2010-11-08,/Users/ansonchen/Downloads/GitHub/DATect-Forecasting-Domoic-Acid/ocean anomaly detection/data/raw/chla/chla_20101108.nc,OK,ok
chla,2010-11-09,/Users/ansonchen/Downloads/GitHub/DATect-Forecasting-Domoic-Acid/ocean anomaly detection/data/raw/chla/chla_20101109.nc,OK,ok
chla,2010-11-10,/Users/ansonchen/Downloads/GitHub/DATect-Forecasting-Domoic-Acid/ocean anomaly detection/data/raw/chla/chla_20101110.nc,OK,ok
chla,2010-11-11,/Users/ansonchen/Downloads/GitHub/DATect-Forecasting-Domoic-Acid/ocean anomaly detection/data/raw/chla/chla_20101111.nc,OK,ok
chla,2010-11-12,/Users/ansonchen/Downloads/GitHub/DATect-Forecasting-Domoic-Acid/ocean anomaly detection/data/raw/chla/chla_20101112.nc,OK,ok
chla,2010-11-13,/Users/ansonchen/Downloads/GitHub/DATect-Forecasting-Domoic-Acid/ocean anomaly detection/data/raw/chla/chla_20101113.nc,OK,ok
chla,2010-11-15,/Users/ansonchen/Downloads/GitHub/DATect-Forecasting-Domoic-Acid/ocean anomaly detection/data/raw/chla/chla_20101115.nc,OK,ok
chla,2010-11-14,/Users/ansonchen/Downloads/GitHub/DATect-Forecasting-Domoic-Acid/ocean anomaly detection/data/raw/chla/chla_20101114.nc,OK,ok
chla,2010-11-16,/Users/ansonchen/Downloads/GitHub/DATect-Forecasting-Domoic-Acid/ocean anomaly detection/data/raw/chla/chla_20101116.nc,OK,ok
chla,2010-11-17,/Users/ansonchen/Downloads/GitHub/DATect-Forecasting-Domoic-Acid/ocean anomaly detection/data/raw/chla/chla_20101117.nc,OK,ok
chla,2010-11-18,/Users/ansonchen/Downloads/GitHub/DATect-Forecasting-Domoic-Acid/ocean anomaly detection/data/raw/chla/chla_20101118.nc,OK,ok
chla,2010-11-19,/Users/ansonchen/Downloads/GitHub/DATect-Forecasting-Domoic-Acid/ocean anomaly detection/data/raw/chla/chla_20101119.nc,OK,ok
chla,2010-11-20,/Users/ansonchen/Downloads/GitHub/DATect-Forecasting-Domoic-Acid/ocean anomaly detection/data/raw/chla/chla_20101120.nc,OK,ok
chla,2010-11-21,/Users/ansonchen/Downloads/GitHub/DATect-Forecasting-Domoic-Acid/ocean anomaly detection/data/raw/chla/chla_20101121.nc,OK,ok
chla,2010-11-23,/Users/ansonchen/Downloads/GitHub/DATect-Forecasting-Domoic-Acid/ocean anomaly detection/data/raw/chla/chla_20101123.nc,OK,ok
chla,2010-11-22,/Users/ansonchen/Downloads/GitHub/DATect-Forecasting-Domoic-Acid/ocean anomaly detection/data/raw/chla/chla_20101122.nc,OK,ok
chla,2010-11-24,/Users/ansonchen/Downloads/GitHub/DATect-Forecasting-Domoic-Acid/ocean anomaly detection/data/raw/chla/chla_20101124.nc,OK,ok
chla,2010-11-25,/Users/ansonchen/Downloads/GitHub/DATect-Forecasting-Domoic-Acid/ocean anomaly detection/data/raw/chla/chla_20101125.nc,OK,ok
chla,2010-11-26,/Users/ansonchen/Downloads/GitHub/DATect-Forecasting-Domoic-Acid/ocean anomaly detection/data/raw/chla/chla_20101126.nc,OK,ok
chla,2010-11-27,/Users/ansonchen/Downloads/GitHub/DATect-Forecasting-Domoic-Acid/ocean anomaly detection/data/raw/chla/chla_20101127.nc,OK,ok
chla,2010-11-28,/Users/ansonchen/Downloads/GitHub/DATect-Forecasting-Domoic-Acid/ocean anomaly detection/data/raw/chla/chla_20101128.nc,OK,ok
chla,2010-11-29,/Users/ansonchen/Downloads/GitHub/DATect-Forecasting-Domoic-Acid/ocean anomaly detection/data/raw/chla/chla_20101129.nc,OK,ok
chla,2010-11-30,/Users/ansonchen/Downloads/GitHub/DATect-Forecasting-Domoic-Acid/ocean anomaly detection/data/raw/chla/chla_20101130.nc,OK,ok
chla,2010-12-01,/Users/ansonchen/Downloads/GitHub/DATect-Forecasting-Domoic-Acid/ocean anomaly detection/data/raw/chla/chla_20101201.nc,OK,ok
chla,2010-12-03,/Users/ansonchen/Downloads/GitHub/DATect-Forecasting-Domoic-Acid/ocean anomaly detection/data/raw/chla/chla_20101203.nc,OK,ok
chla,2010-12-02,/Users/ansonchen/Downloads/GitHub/DATect-Forecasting-Domoic-Acid/ocean anomaly detection/data/raw/chla/chla_20101202.nc,OK,ok
chla,2010-12-05,/Users/ansonchen/Downloads/GitHub/DATect-Forecasting-Domoic-Acid/ocean anomaly detection/data/raw/chla/chla_20101205.nc,OK,ok
chla,2010-12-04,/Users/ansonchen/Downloads/GitHub/DATect-Forecasting-Domoic-Acid/ocean anomaly detection/data/raw/chla/chla_20101204.nc,OK,ok
chla,2010-12-06,/Users/ansonchen/Downloads/GitHub/DATect-Forecasting-Domoic-Acid/ocean anomaly detection/data/raw/chla/chla_20101206.nc,OK,ok
chla,2010-12-07,/Users/ansonchen/Downloads/GitHub/DATect-Forecasting-Domoic-Acid/ocean anomaly detection/data/raw/chla/chla_20101207.nc,OK,ok
chla,2010-12-08,/Users/ansonchen/Downloads/GitHub/DATect-Forecasting-Domoic-Acid/ocean anomaly detection/data/raw/chla/chla_20101208.nc,OK,ok
chla,2010-12-09,/Users/ansonchen/Downloads/GitHub/DATect-Forecasting-Domoic-Acid/ocean anomaly detection/data/raw/chla/chla_20101209.nc,OK,ok
chla,2010-12-10,/Users/ansonchen/Downloads/GitHub/DATect-Forecasting-Domoic-Acid/ocean anomaly detection/data/raw/chla/chla_20101210.nc,OK,ok
chla,2010-12-11,/Users/ansonchen/Downloads/GitHub/DATect-Forecasting-Domoic-Acid/ocean anomaly detection/data/raw/chla/chla_20101211.nc,OK,ok
chla,2010-12-12,/Users/ansonchen/Downloads/GitHub/DATect-Forecasting-Domoic-Acid/ocean anomaly detection/data/raw/chla/chla_20101212.nc,OK,ok
chla,2010-12-13,/Users/ansonchen/Downloads/GitHub/DATect-Forecasting-Domoic-Acid/ocean anomaly detection/data/raw/chla/chla_20101213.nc,OK,ok
chla,2010-12-14,/Users/ansonchen/Downloads/GitHub/DATect-Forecasting-Domoic-Acid/ocean anomaly detection/data/raw/chla/chla_20101214.nc,OK,ok
chla,2010-12-15,/Users/ansonchen/Downloads/GitHub/DATect-Forecasting-Domoic-Acid/ocean anomaly detection/data/raw/chla/chla_20101215.nc,OK,ok
chla,2010-12-16,/Users/ansonchen/Downloads/GitHub/DATect-Forecasting-Domoic-Acid/ocean anomaly detection/data/raw/chla/chla_20101216.nc,OK,ok
chla,2010-12-17,/Users/ansonchen/Downloads/GitHub/DATect-Forecasting-Domoic-Acid/ocean anomaly detection/data/raw/chla/chla_20101217.nc,OK,ok
chla,2010-12-19,/Users/ansonchen/Downloads/GitHub/DATect-Forecasting-Domoic-Acid/ocean anomaly detection/data/raw/chla/chla_20101219.nc,OK,ok
chla,2010-12-18,/Users/ansonchen/Downloads/GitHub/DATect-Forecasting-Domoic-Acid/ocean anomaly detection/data/raw/chla/chla_20101218.nc,OK,ok
chla,2010-12-20,/Users/ansonchen/Downloads/GitHub/DATect-Forecasting-Domoic-Acid/ocean anomaly detection/data/raw/chla/chla_20101220.nc,OK,ok
chla,2010-12-21,/Users/ansonchen/Downloads/GitHub/DATect-Forecasting-Domoic-Acid/ocean anomaly detection/data/raw/chla/chla_20101221.nc,OK,ok
chla,2010-12-22,/Users/ansonchen/Downloads/GitHub/DATect-Forecasting-Domoic-Acid/ocean anomaly detection/data/raw/chla/chla_20101222.nc,OK,ok
chla,2010-12-23,/Users/ansonchen/Downloads/GitHub/DATect-Forecasting-Domoic-Acid/ocean anomaly detection/data/raw/chla/chla_20101223.nc,OK,ok
chla,2010-12-25,/Users/ansonchen/Downloads/GitHub/DATect-Forecasting-Domoic-Acid/ocean anomaly detection/data/raw/chla/chla_20101225.nc,OK,ok
chla,2010-12-24,/Users/ansonchen/Downloads/GitHub/DATect-Forecasting-Domoic-Acid/ocean anomaly detection/data/raw/chla/chla_20101224.nc,OK,ok
chla,2010-12-26,/Users/ansonchen/Downloads/GitHub/DATect-Forecasting-Domoic-Acid/ocean anomaly detection/data/raw/chla/chla_20101226.nc,OK,ok
chla,2010-12-27,/Users/ansonchen/Downloads/GitHub/DATect-Forecasting-Domoic-Acid/ocean anomaly detection/data/raw/chla/chla_20101227.nc,OK,ok
chla,2010-12-28,/Users/ansonchen/Downloads/GitHub/DATect-Forecasting-Domoic-Acid/ocean anomaly detection/data/raw/chla/chla_20101228.nc,OK,ok
chla,2010-12-29,/Users/ansonchen/Downloads/GitHub/DATect-Forecasting-Domoic-Acid/ocean anomaly detection/data/raw/chla/chla_20101229.nc,OK,ok
chla,2010-12-30,/Users/ansonchen/Downloads/GitHub/DATect-Forecasting-Domoic-Acid/ocean anomaly detection/data/raw/chla/chla_20101230.nc,OK,ok
chla,2010-12-31,/Users/ansonchen/Downloads/GitHub/DATect-Forecasting-Domoic-Acid/ocean anomaly detection/data/raw/chla/chla_20101231.nc,OK,ok
